학교명,학교 영문명,본분교구분명,대학구분명,학교구분명,설립형태구분명,시도코드,시도명,소재지도로명주소,소재지지번주소,도로명우편번호,소재지우편번호,홈페이지주소,대표전화번호,대표팩스번호,설립일자,기준연도,데이터기준일자,제공기관코드,제공기관명,주소_clean,sido,sigungu,카운트지역
강원대학교 경영대학원,Kangwon National University Graduate School Of Business Administration,본교,대학원,특수대학원,국립,51,강원특별자치도,강원특별자치도 춘천시 강원대학길 1 (효자동),,24341,,gsba.kangwon.ac.kr/,033-250-6100,033-259-5530,1979-12-05,2024,2025-01-08,B340014,한국대학교육협의회,강원특별자치도 춘천시 강원대학길 1,강원특별자치도,춘천시,춘천시
강원대학교 방재전문대학원,Kangwon National University Graduate School Of  Disaster Prevention,제2캠퍼,대학원,전문대학원,국립,51,강원특별자치도,강원특별자치도 삼척시 중앙로 346 (교동),,25913,,prevention.kangwon.ac.kr/,033-570-6468,033-570-6501,2006-03-01,2024,2025-01-08,B340014,한국대학교육협의회,강원특별자치도 삼척시 중앙로 346,강원특별자치도,삼척시,삼척시
가톨릭관동대학교 경영행정 창업대학원,"Graduate School Of Business, Public Administration Start up Catholic Kwandong University",본교,대학원,특수대학원,사립,51,강원특별자치도,강원특별자치도 강릉시 범일로579번길 24 (내곡동),,25601,,www.cku.ac.kr,033-649-7172,033-649-7164,2021-03-01,2024,2025-01-08,B340014,한국대학교육협의회,강원특별자치도 강릉시 범일로579번길 24,강원특별자치도,강릉시,강릉시
가톨릭꽃동네대학교 대학원,Catholic Kkottongnae University Graduate School,본교,대학원,일반대학원,사립,43,충청북도,충청북도 청주시 서원구 현도면 상삼길 133,,28211,,,043-270-0131,043-270-0165,2023-01-01,2024,2025-01-08,B340014,한국대학교육협의회,충청북도 청주시 서원구 현도면 상삼길 133,충청북도,청주시,청주시
한국폴리텍 VI 대학 구미캠퍼스,Gumi Campus Of Korea Polytechnic Vi,본교,전문대학,기능대학,사립,47,경상북도,"경상북도 구미시 수출대로3길 84 (공단동, 한국폴리텍ⅵ대학구미캠퍼스)",,39257,,kopo.ac.kr/gumi,054-461-5241,054-464-2098,1977-05-06,2024,2025-01-08,B340014,한국대학교육협의회,경상북도 구미시 수출대로3길 84,경상북도,구미시,구미시
한국폴리텍 VI 대학 대구캠퍼스,Daegu Campus Of Korea Polytechnic Vi,본교,전문대학,기능대학,사립,27,대구광역시,"대구광역시 서구 국채보상로43길 15 (평리동, 한국폴리텍6대학)",,41765,,daegu.kopo.ac.kr,053-560-3131,053-560-3148,1973-01-01,2024,2025-01-08,B340014,한국대학교육협의회,대구광역시 서구 국채보상로43길 15,대구광역시,서구,대구광역시
한국폴리텍 VI 대학 영남융합기술캠퍼,Yeongnam Convergence Technology Campus Of Korea Polytechnic,본교,전문대학,기능대학,사립,27,대구광역시,대구광역시 동구 팔공로 222(봉무동),,41027,,kopo.ac.kr/yct,053-980-1100,053-980-1129,1998-02-05,2024,2025-01-08,B340014,한국대학교육협의회,대구광역시 동구 팔공로 222,대구광역시,동구,대구광역시
한국폴리텍 VI 대학 영주캠퍼스,Yeongju Campus Of Korea Polytechnic Ⅵ,본교,전문대학,기능대학,사립,47,경상북도,"경상북도 영주시 가흥로 2 (문정동, 한국폴리텍VI대학)",,36142,,www.kopo.ac.kr/yeongju,054-639-4218,054-632-2098,1982-02-15,2024,2025-01-08,B340014,한국대학교육협의회,경상북도 영주시 가흥로 2,경상북도,영주시,영주시
한국폴리텍 VII 대학 동부산캠퍼스,Korea Polytechnics Dongbusan Campus,본교,전문대학,기능대학,사립,26,부산광역시,부산광역시 기장군 정관읍 산단4로 2-69,,46027,,www.kopo.ac.kr/dongbusan,051-609-6000,051-728-5586,,2024,2025-01-08,B340014,한국대학교육협의회,부산광역시 기장군 정관읍 산단4로 2-69,부산광역시,기장군,부산광역시
한국폴리텍 VII 대학 부산캠퍼스,Busan Campus Of Korea Polytechnic Ⅶ,본교,전문대학,기능대학,사립,26,부산광역시,"부산광역시 북구 만덕대로155번길 99 (덕천동, 한국폴리텍VII대학부산캠퍼스)",,46550,,www.kopo.ac.kr/busan,051-330-7800,051-332-4801,1978-04-10,2024,2025-01-08,B340014,한국대학교육협의회,부산광역시 북구 만덕대로155번길 99,부산광역시,북구,부산광역시
한국폴리텍 VII 대학 울산캠퍼스,Ulsan Campus Of Korea Polytechnic,본교,전문대학,기능대학,사립,31,울산광역시,"울산광역시 중구 산전길 155 (동동, 한국폴리텍7대학울산캠퍼스)",,44482,,kopo.ac.kr/ulsan,052-290-1500,052-290-1519,2000-01-01,2024,2025-01-08,B340014,한국대학교육협의회,울산광역시 중구 산전길 155,울산광역시,중구,울산광역시
한국폴리텍 VII 대학 진주캠퍼스,KOREAPOLYTECHNICS JINJU CAMPUS,본교,전문대학,기능대학,사립,48,경상남도,경상남도 진주시 모덕로 299(하대동),,52766,,jinju.kopo.ac.kr,055-752-9901,055-752-0819,,2024,2025-01-08,B340014,한국대학교육협의회,경상남도 진주시 모덕로 299,경상남도,진주시,진주시
한국폴리텍 VII 대학 창원캠퍼스,Korea Polytechnic Vii,본교,전문대학,기능대학,사립,48,경상남도,"경상남도 창원시 성산구 외동반림로 51-88 (중앙동, 한국폴리텍VII대학)",,51518,,changwon.kopo.ac.kr,055-279-1700,055-279-1749,1977-11-19,2024,2025-01-08,B340014,한국대학교육협의회,경상남도 창원시 성산구 외동반림로 51-88,경상남도,창원시,창원시
한국폴리텍 특성화대학 로봇캠퍼스,robot campus of korea polytechnic,본교,전문대학,기능대학,사립,47,경상북도,경상북도 영천시 로봇캠퍼스로 1 (화룡동),,38839,,www.kopo.ac.kr/robot/index.do,054-706-1000,054-706-1080,,2024,2025-01-08,B340014,한국대학교육협의회,경상북도 영천시 로봇캠퍼스로 1,경상북도,영천시,영천시
한국폴리텍 특성화대학 바이오캠퍼스,Bio Campus Of Korea Polytechnic,본교,전문대학,기능대학,사립,44,충청남도,충청남도 논산시 강경읍 동안로112번길 48,,32943,,kopo.ac.kr/bio,041-746-7300,041-746-7310,2006-03-01,2024,2025-01-08,B340014,한국대학교육협의회,충청남도 논산시 강경읍 동안로112번길 48,충청남도,논산시,논산시
한국폴리텍 특성화대학 항공캠퍼스,Aviation Campus Of Korea Polytechnic,본교,전문대학,기능대학,사립,48,경상남도,"경상남도 사천시 대학길 46 (이금동, 한국폴리텍항공대학)",,52549,,www.kopo.ac.kr/kapc,055-830-3400,055-830-3414,2000-11-30,2024,2025-01-08,B340014,한국대학교육협의회,경상남도 사천시 대학길 46,경상남도,사천시,사천시
한림성심대학교,Hallym Polytechnic University,본교,전문대학,전문대학,사립,51,강원특별자치도,강원특별자치도 춘천시 동면 장학길 48,,24210,,www.hsc.ac.kr,033-240-9000,033-252-9462,1939-04-01,2024,2025-01-08,B340014,한국대학교육협의회,강원특별자치도 춘천시 동면 장학길 48,강원특별자치도,춘천시,춘천시
한영대학교,Hanyeong University,본교,전문대학,전문대학,사립,46,전라남도,"전라남도 여수시 장군산길 18-43 (여서동, 한영대학)",,59720,,www.hanyeong.ac.kr,061-650-4109,061-650-4020,1992-12-11,2024,2025-01-08,B340014,한국대학교육협의회,전라남도 여수시 장군산길 18-43,전라남도,여수시,여수시
혜전대학교,Hyejeon College,본교,전문대학,전문대학,사립,44,충청남도,충청남도 홍성군 홍성읍 대학1길 19,,32244,,www.hj.ac.kr,041-630-2455,041-634-6425,1981-12-10,2024,2025-01-08,B340014,한국대학교육협의회,충청남도 홍성군 홍성읍 대학1길 19,충청남도,홍성군,홍성군
호산대학교,Hosan University,본교,전문대학,전문대학,사립,47,경상북도,"경상북도 경산시 하양읍 대경로105길 19 (부호리, 호산대학교)",,38428,,www.hosan.ac.kr,053-850-8000,053-853-9715,1992-03-09,2024,2025-01-08,B340014,한국대학교육협의회,경상북도 경산시 하양읍 대경로105길 19,경상북도,경산시,경산시
가야대학교 보건대학원(김해),Kaya University Gredaut School Of Public Health,본교,대학원,특수대학원,사립,48,경상남도,경상남도 김해시 삼계로 208 (삼계동),,50830,,www.kaya.ac.kr,055-330-1000,055-331-0983,2011-11-15,2024,2025-01-08,B340014,한국대학교육협의회,경상남도 김해시 삼계로 208,경상남도,김해시,김해시
한국농수산대학교,Korea National University Of Agriculture And Fisheries,본교,전문대학,전문대학,특별법국,52,전북특별자치도,전북특별자치도 전주시 덕진구 콩쥐팥쥐로 1515(중동),,54874,,www.af.ac.kr,063-238-9114,063-238-9719,1997-03-20,2024,2025-01-08,B340014,한국대학교육협의회,전북특별자치도 전주시 덕진구 콩쥐팥쥐로 1515,전북특별자치도,전주시,전주시
한국복지사이버대학교,Corea Welfare Cyber University,본교,전문대학,사이버대학(전문),사립,47,경상북도,경상북도 경산시 남천면 남천로 746-10 (협석리),,38695,,www.corea.ac.kr,1644-9775,053-815-6500,2010-09-09,2024,2025-01-08,B340014,한국대학교육협의회,경상북도 경산시 남천면 남천로 746-10,경상북도,경산시,경산시
한국승강기대학교,Korea Lift College,본교,전문대학,전문대학,사립,48,경상남도,"경상남도 거창군 거창읍 운정1길 120 (송정리, 한국승강기대학)",,50141,,www.klc.ac.kr,055-949-2220,055-949-2222,2010-03-01,2024,2025-01-08,B340014,한국대학교육협의회,경상남도 거창군 거창읍 운정1길 120,경상남도,거창군,거창군
한국영상대학교,Korea University Of Media Arts,본교,전문대학,전문대학,사립,36,세종특별자치시,"세종특별자치시 장군면 대학길 300 (금암리, 한국영상대학)",,30056,,www.pro.ac.kr,044-850-9000,044-850-9008,1992-12-11,2024,2025-01-08,B340014,한국대학교육협의회,세종특별자치시 장군면 대학길 300,세종특별자치시,장군,세종특별자치시
한국폴리텍 I 대학 제주캠퍼스,Jeju Campus Of Korea Polytechnic,본교,전문대학,기능대학,사립,50,제주특별자치도,"제주특별자치도 제주시 산천단동3길 2 (아라일동, 한국폴리택대학제주캠퍼스)",,63243,,jeju.kopo.ac.kr,064-754-7100,064-754-7112,1987-07-10,2024,2025-01-08,B340014,한국대학교육협의회,제주특별자치도 제주시 산천단동3길 2,제주특별자치도,제주시,제주시
한국폴리텍 III 대학 강릉캠퍼스,Gangneung Campus Of Korea PolytechnicsⅢ,본교,전문대학,기능대학,사립,51,강원특별자치도,강원특별자치도 강릉시 남산초교길 121 (노암동),,25605,,kopo.ac.kr/gangneung,033-610-6111,033-610-6119,2008-03-02,2024,2025-01-08,B340014,한국대학교육협의회,강원특별자치도 강릉시 남산초교길 121,강원특별자치도,강릉시,강릉시
한국폴리텍 III 대학 원주캠퍼스,Wonju Campus Of Korea Polytechnic,본교,전문대학,기능대학,사립,51,강원특별자치도,강원특별자치도 원주시 북원로2425번길 73 (우산동),,26406,,kopo.ac.kr/wonju,033-741-7000,033-741-7029,1978-04-06,2024,2025-01-08,B340014,한국대학교육협의회,강원특별자치도 원주시 북원로2425번길 73,강원특별자치도,원주시,원주시
한국폴리텍 III 대학 춘천캠퍼스,Chuncheon Campus Of Korea Polytechnic,본교,전문대학,기능대학,사립,51,강원특별자치도,강원특별자치도 춘천시 동산면 영서로 1290-31,,24409,,www.kopo.ac.kr/chuncheon/index.do,033-260-7654,033-262-7606,1973-10-11,2024,2025-01-08,B340014,한국대학교육협의회,강원특별자치도 춘천시 동산면 영서로 1290-31,강원특별자치도,춘천시,춘천시
한국폴리텍 IV 대학 대전캠퍼스,Daejeon Campus of Korea Polytechnic IV,본교,전문대학,기능대학,사립,30,대전광역시,"대전광역시 동구 우암로 352-21 (가양동, 한국폴리텍IV대학)",,34503,,www.kopo.ac.kr,042-670-0600,042-670-0589,2006-05-19,2024,2025-01-08,B340014,한국대학교육협의회,대전광역시 동구 우암로 352-21,대전광역시,동구,대전광역시
한국폴리텍 IV 대학 아산캠퍼스,Asan Campus Of Korea Polytechnic IV,본교,전문대학,기능대학,사립,44,충청남도,"충청남도 아산시 신창면 행목로 45 (행목리, 한국폴리텍Ⅳ대학아산캠퍼스)",,31533,,kopo.ac.kr/asan,041-539-9300,041-532-0300,2002-03-02,2024,2025-01-08,B340014,한국대학교육협의회,충청남도 아산시 신창면 행목로 45,충청남도,아산시,아산시
한국폴리텍 IV 대학 청주캠퍼스,Cheongju Campus Of Korea Polytechnic IV,본교,전문대학,기능대학,사립,43,충청북도,"충청북도 청주시 흥덕구 산단로 54 (송정동, 한국폴리텍Ⅳ대학청주캠퍼스)",,28590,,kopo.ac.kr/cheongju,043-279-7400,043-279-7477,1977-05-06,2024,2025-01-08,B340014,한국대학교육협의회,충청북도 청주시 흥덕구 산단로 54,충청북도,청주시,청주시
한국폴리텍 V 대학 광주캠퍼스,Gwangju Campus Of Korea Polytechnic V,본교,전문대학,기능대학,사립,29,광주광역시,"광주광역시 북구 하서로 85 (운암동, 한국폴리텍V대학)",,61099,,www.kopo.ac.kr/gwangju,062-519-7114,062-519-7039,1994-07-01,2024,2025-01-08,B340014,한국대학교육협의회,광주광역시 북구 하서로 85,광주광역시,북구,광주광역시
한국폴리텍 V 대학 순천캠퍼스,Suncheon Campus Of Korea Polytechnic V,본교,전문대학,기능대학,사립,46,전라남도,"전라남도 순천시 기적의도서관1길 41 (조례동, 한국폴리텍대학순천캠퍼스)",,57975,,kopo.ac.kr/suncheon,061-721-0300,061-721-5280,1977-05-20,2024,2025-01-08,B340014,한국대학교육협의회,전라남도 순천시 기적의도서관1길 41,전라남도,순천시,순천시
한국폴리텍 V 대학 익산캠퍼스,Iksan Campus Of Korea Polytechnic V,본교,전문대학,기능대학,사립,52,전북특별자치도,"전북특별자치도 익산시 선화로 579 (어양동, 한국폴리텍V대학)",,54567,,www.kopo.ac.kr/iksan,063-830-3000,063-830-3026,2008-03-02,2024,2025-01-08,B340014,한국대학교육협의회,전북특별자치도 익산시 선화로 579,전북특별자치도,익산시,익산시
한국폴리텍 V 대학 전남캠퍼스,Jeonnam Campus Of Korea Polytechnic V College,본교,전문대학,기능대학,사립,46,전라남도,전라남도 무안군 청계면 영산로 1854-16,,58542,,www.kopo.ac.kr/jeonnam,061-450-7220,061-450-7224,1996-03-01,2024,2025-01-08,B340014,한국대학교육협의회,전라남도 무안군 청계면 영산로 1854-16,전라남도,무안군,무안군
한국폴리텍 V 대학 전북캠퍼스,Jeounbuk Campus Of Korea Polytechnics,본교,전문대학,기능대학,사립,52,전북특별자치도,"전북특별자치도 김제시 백학제길 154 (백학동, 한국폴리텍V대학)",,54352,,www.kopo.ac.kr/jb/index.do,063-540-7620,063-540-7625,1995-03-02,2024,2025-01-08,B340014,한국대학교육협의회,전북특별자치도 김제시 백학제길 154,전북특별자치도,김제시,김제시
전남과학대학교,Chunnam Techno University,본교,전문대학,전문대학,사립,46,전라남도,전라남도 곡성군 옥과면 대학로 113 (옥과리),,57500,,www.cntu.ac.kr,061-360-5000,061-363-5020,1990-12-19,2024,2025-01-08,B340014,한국대학교육협의회,전라남도 곡성군 옥과면 대학로 113,전라남도,곡성군,곡성군
전남도립대학교,Jeonnam State University,본교,전문대학,전문대학,공립,46,전라남도,"전라남도 담양군 담양읍 죽녹원로 152 (향교리, 전남도립대학)",,57337,,www.dorip.ac.kr,061-380-8419,061-381-9100,1998-03-13,2024,2025-01-08,B340014,한국대학교육협의회,전라남도 담양군 담양읍 죽녹원로 152,전라남도,담양군,담양군
전북과학대학교,Jeonbuk Science College,본교,전문대학,전문대학,사립,52,전북특별자치도,"전북특별자치도 정읍시 정읍사로 509 (시기동, 전북과학대학)",,56204,,www.jbsc.ac.kr,063-530-9114,063-532-3768,1994-11-17,2024,2025-01-08,B340014,한국대학교육협의회,전북특별자치도 정읍시 정읍사로 509,전북특별자치도,정읍시,정읍시
전주기전대학,Jeonju Kijeon College,본교,전문대학,전문대학,사립,52,전북특별자치도,"전북특별자치도 전주시 완산구 전주천서로 267 (중화산동1가, 전주기전대학)",,54989,,www.kijeon.ac.kr,063-280-5208,063-231-6415,1974-03-21,2024,2025-01-08,B340014,한국대학교육협의회,전북특별자치도 전주시 완산구 전주천서로 267,전북특별자치도,전주시,전주시
전주비전대학교,Vision College Of Jeonju,본교,전문대학,전문대학,사립,52,전북특별자치도,"전북특별자치도 전주시 완산구 천잠로 235 (효자동2가, 전주비전대학)",,55069,,www.jvision.ac.kr,063-220-4114,063-220-3629,1976-01-24,2024,2025-01-08,B340014,한국대학교육협의회,전북특별자치도 전주시 완산구 천잠로 235,전북특별자치도,전주시,전주시
제주관광대학교,Jeju Tourism University,본교,전문대학,전문대학,사립,50,제주특별자치도,"제주특별자치도 제주시 애월읍 평화로 2715 (광령리, 제주관광대학)",,63063,,www.jtu.ac.kr,064-740-8700,064-748-2829,1992-12-11,2024,2025-01-08,B340014,한국대학교육협의회,제주특별자치도 제주시 애월읍 평화로 2715,제주특별자치도,제주시,제주시
제주산업정보대학,Jeju College Of Technology,본교,전문대학,전문대학,사립,50,제주특별자치도,"제주특별자치도 제주시 516로 2870 (영평동, 제주산업정보대학)",,63309,,www.jeju.ac.kr,064-754-0215,064-702-8330,1972-12-14,2024,2025-01-08,B340014,한국대학교육협의회,제주특별자치도 제주시 516로 2870,제주특별자치도,제주시,제주시
제주한라대학교,Cheju Halla University,본교,전문대학,전문대학,사립,50,제주특별자치도,"제주특별자치도 제주시 한라대학로 38 (노형동, 제주한라대학)",,63092,,www.chu.ac.kr,064-741-7575,064-747-3989,1969-03-30,2024,2025-01-08,B340014,한국대학교육협의회,제주특별자치도 제주시 한라대학로 38,제주특별자치도,제주시,제주시
조선간호대학교,Chosun Nursing College,본교,전문대학,전문대학,사립,29,광주광역시,광주광역시 동구 조선대2길 70(서석동),,61453,,www.cnc.ac.kr,062-231-7000,062-231-7019,1971-12-23,2024,2025-01-08,B340014,한국대학교육협의회,광주광역시 동구 조선대2길 70,광주광역시,동구,광주광역시
진주보건대학교,Jinju Health College,본교,전문대학,전문대학,사립,48,경상남도,"경상남도 진주시 의병로 51 (상봉동, 진주보건대학)",,52655,,www.jhc.ac.kr,055-740-1700,055-743-3010,1971-12-23,2024,2025-01-08,B340014,한국대학교육협의회,경상남도 진주시 의병로 51,경상남도,진주시,진주시
창신대학,Changshin College,본교,전문대학,전문대학,사립,48,경상남도,"경상남도 창원시 마산회원구 팔용로 262 (합성동, 창신대학)",,51352,,www.csc.ac.kr,055-250-3004,055-250-3190,1991-03-07,2024,2025-01-08,B340014,한국대학교육협의회,경상남도 창원시 마산회원구 팔용로 262,경상남도,창원시,창원시
창원문성대학교,Changwon Moonsung University,본교,전문대학,전문대학,사립,48,경상남도,경상남도 창원시 성산구 충혼로 91(두대동),,51410,,www.cmu.ac.kr,055-279-5114,055-279-5086,1978-12-28,2024,2025-01-08,B340014,한국대학교육협의회,경상남도 창원시 성산구 충혼로 91,경상남도,창원시,창원시
청암대학교,Cheongam College,본교,전문대학,전문대학,사립,46,전라남도,"전라남도 순천시 녹색로 1641 (덕월동, 순천청암대학)",,57997,,ca.ac.kr,061-740-7100,061-743-6414,1954-04-01,2024,2025-01-08,B340014,한국대학교육협의회,전라남도 순천시 녹색로 1641,전라남도,순천시,순천시
춘해보건대학교,Choonhae College Of Health Sciences,본교,전문대학,전문대학,사립,31,울산광역시,"울산광역시 울주군 웅촌면 대학길 9 (곡천리, 춘해보건대학)",,44965,,www.ch.ac.kr,052-270-0100,052-225-9889,1968-03-16,2024,2025-01-08,B340014,한국대학교육협의회,울산광역시 울주군 웅촌면 대학길 9,울산광역시,울주군,울산광역시
충남도립대학교,Chungnam State University,본교,전문대학,전문대학,공립,44,충청남도,"충청남도 청양군 청양읍 학사길 55 (벽천리, 충남도립대학교)",,33303,,www.cnsu.ac.kr,041-635-6600,041-635-7950,1998-03-19,2024,2025-01-08,B340014,한국대학교육협의회,충청남도 청양군 청양읍 학사길 55,충청남도,청양군,청양군
충북도립대학교,Chungbuk Provincial University,본교,전문대학,전문대학,공립,43,충청북도,충청북도 옥천군 옥천읍 대학길 15 (문정리),,29046,,www.cpu.ac.kr,043-220-5313,043-220-5319,1998-03-06,2024,2025-01-08,B340014,한국대학교육협의회,충청북도 옥천군 옥천읍 대학길 15,충청북도,옥천군,옥천군
충북보건과학대학교,Chungbuk Health And Science University,본교,전문대학,전문대학,사립,43,충청북도,"충청북도 청주시 청원구 내수읍 덕암길 10 (덕암리, 충북보건과학대학교)",,28150,,www.chsu.ac.kr,043-210-8133,043-210-8305,1992-03-12,2024,2025-01-08,B340014,한국대학교육협의회,충청북도 청주시 청원구 내수읍 덕암길 10,충청북도,청주시,청주시
충청대학교,Chungcheong University,본교,전문대학,전문대학,사립,43,충청북도,"충청북도 청주시 흥덕구 강내면 월곡길 38 (월곡리, 충청대학)",,28171,,www.ok.ac.kr,043-230-2114,043-230-2115,1982-12-10,2024,2025-01-08,B340014,한국대학교육협의회,충청북도 청주시 흥덕구 강내면 월곡길 38,충청북도,청주시,청주시
포항대학교,Pohang University,본교,전문대학,전문대학,사립,47,경상북도,경상북도 포항시 북구 흥해읍 포항대학로 7,,37555,,www.pohang.ac.kr,054-251-8000,054-252-5005,1952-07-03,2024,2025-01-08,B340014,한국대학교육협의회,경상북도 포항시 북구 흥해읍 포항대학로 7,경상북도,포항시,포항시
한국골프과학기술대학교,Korea Golf University of Science & Technology,본교,전문대학,전문대학,사립,51,강원특별자치도,강원특별자치도 횡성군 우천면 하대5길 109,,25247,,www.kg.ac.kr,033-810-1041,033-810-1001,2011-03-01,2024,2025-01-08,B340014,한국대학교육협의회,강원특별자치도 횡성군 우천면 하대5길 109,강원특별자치도,횡성군,횡성군
신성대학교,Shinsung University,본교,전문대학,전문대학,사립,44,충청남도,"충청남도 당진시 정미면 대학로 1 (덕마리, 신성대학교)",,31801,,www.shinsung.ac.kr,041-350-1114,041-350-1075,1995-03-01,2024,2025-01-08,B340014,한국대학교육협의회,충청남도 당진시 정미면 대학로 1,충청남도,당진시,당진시
아주자동차대학교,Ajou Motor College,본교,전문대학,전문대학,사립,44,충청남도,충청남도 보령시 주포면 대학길 106,,33415,,www.motor.ac.kr,041-939-3008,041-939-3457,1994-11-17,2024,2025-01-08,B340014,한국대학교육협의회,충청남도 보령시 주포면 대학길 106,충청남도,보령시,보령시
안동과학대학교,Andong Science College,본교,전문대학,전문대학,사립,47,경상북도,"경상북도 안동시 서후면 서선길 189 (교리, 안동과학대학교)",,36616,,www.asc.ac.kr,054-851-3500,054-852-9907,1983-03-01,2024,2025-01-08,B340014,한국대학교육협의회,경상북도 안동시 서후면 서선길 189,경상북도,안동시,안동시
연암공과대학교,Yonam Institute Of Technology,본교,전문대학,전문대학,사립,48,경상남도,"경상남도 진주시 진주대로 629번길 35(가좌동, 연암공과대학교)",,52821,,www.yc.ac.kr,055-751-2000,055-751-2096,1984-05-09,2024,2025-01-08,B340014,한국대학교육협의회,경상남도 진주시 진주대로 629번길 35,경상남도,진주시,진주시
연암대학교,Yonam College,본교,전문대학,전문대학,사립,44,충청남도,"충청남도 천안시 서북구 성환읍 연암로 313 (수향리, 천안연암대학)",,31005,,www.yonam.ac.kr,041-580-1114,041-581-0401,1977-01-19,2024,2025-01-08,B340014,한국대학교육협의회,충청남도 천안시 서북구 성환읍 연암로 313,충청남도,천안시,천안시
영남이공대학교,Yeungnam University College,본교,전문대학,전문대학,사립,27,대구광역시,"대구광역시 남구 현충로 170 (대명동, 영남이공대학)",,42415,,www.ync.ac.kr,053-650-9114,053-624-7871,1968-02-15,2024,2025-01-08,B340014,한국대학교육협의회,대구광역시 남구 현충로 170,대구광역시,남구,대구광역시
영진사이버대학교,YEUNGJIN CYBER UNIVERSITY,본교,전문대학,사이버대학(전문),사립,27,대구광역시,"대구광역시 북구 복현로 35 (복현동, 영진전문대학)",,41527,,www.ycc.ac.kr,053-940-5500,053-940-5614,2002-03-01,2024,2025-01-08,B340014,한국대학교육협의회,대구광역시 북구 복현로 35,대구광역시,북구,대구광역시
우송정보대학,Woosong College,본교,전문대학,전문대학,사립,30,대전광역시,대전광역시 동구 백룡로 59(자양동 101-17) 우송정보대학,,34518,,www.wsi.ac.kr,042-629-6114,042-629-6653,1963-01-18,2024,2025-01-08,B340014,한국대학교육협의회,대전광역시 동구 백룡로 59 우송정보대학,대전광역시,동구,대전광역시
울산과학대학교,Ulsan College,본교,전문대학,전문대학,사립,31,울산광역시,"울산광역시 동구 봉수로 101 (화정동, 울산과학대학동부캠퍼스)",,44022,,www.uc.ac.kr,052-230-0500,052-234-9300,1972-12-14,2024,2025-01-08,B340014,한국대학교육협의회,울산광역시 동구 봉수로 101,울산광역시,동구,울산광역시
원광보건대학교,Wonkwang Health Science University,본교,전문대학,전문대학,사립,52,전북특별자치도,"전북특별자치도 익산시 익산대로 514 (신용동, 원광보건대학)",,54538,,www.wu.ac.kr,063-840-1114,063-840-1567,1976-01-24,2024,2025-01-08,B340014,한국대학교육협의회,전북특별자치도 익산시 익산대로 514,전북특별자치도,익산시,익산시
백석문화대학교,Baekseok Culture University,본교,전문대학,전문대학,사립,44,충청남도,충청남도 천안시 동남구 백석대학로 1 (안서동),,31065,,www.bscu.ac.kr,041-550-0700,041-550-9113,1994-03-01,2024,2025-01-08,B340014,한국대학교육협의회,충청남도 천안시 동남구 백석대학로 1,충청남도,천안시,천안시
백제예술대학교,Paekche Institute Of The Arts,본교,전문대학,전문대학,사립,52,전북특별자치도,"전북특별자치도 완주군 봉동읍 백제대학로 171 (제내리, 백제예술대학)",,55313,,www.paekche.ac.kr,063-260-9114,063-263-3607,1991-11-30,2024,2025-01-08,B340014,한국대학교육협의회,전북특별자치도 완주군 봉동읍 백제대학로 171,전북특별자치도,완주군,완주군
부산경상대학교,Busan Kyungsang College,본교,전문대학,전문대학,사립,26,부산광역시,"부산광역시 연제구 고분로 170 (연산동, 부산경상대학)",,47583,,www.bsks.ac.kr,051-850-1000,051-862-7577,1979-11-15,2024,2025-01-08,B340014,한국대학교육협의회,부산광역시 연제구 고분로 170,부산광역시,연제구,부산광역시
부산과학기술대학교,Busan Institute Of Science And Technology,본교,전문대학,전문대학,사립,26,부산광역시,"부산광역시 북구 시랑로132번길 88 (구포동, 부산과학기술대학교)",,46639,,bist.ac.kr,051-334-6666,051-330-7027,1976-12-31,2024,2025-01-08,B340014,한국대학교육협의회,부산광역시 북구 시랑로132번길 88,부산광역시,북구,부산광역시
부산보건대학교,Busan Health University,본교,전문대학,전문대학,사립,26,부산광역시,"부산광역시 사하구 사리로55번길 16 (괴정동, 동주대학)",,49318,,www.bhu.ac.kr/,051-200-3300,051-201-5420,1978-02-16,2024,2025-01-08,B340014,한국대학교육협의회,부산광역시 사하구 사리로55번길 16,부산광역시,사하구,부산광역시
부산여자대학교,Busanwomenscollege,본교,전문대학,전문대학,사립,26,부산광역시,"부산광역시 부산진구 진남로 506 (양정동, 부산여자대학)",,47228,,www.bwc.ac.kr,051-852-0081,051-867-4705,1979-01-01,2024,2025-01-08,B340014,한국대학교육협의회,부산광역시 부산진구 진남로 506,부산광역시,부산진구,부산광역시
부산예술대학교,Busan Arts College,본교,전문대학,전문대학,사립,26,부산광역시,"부산광역시 남구 못골번영로71번길 74 (대연동, 부산예술대학)",,48429,,www.busanarts.ac.kr,051-628-3991,051-628-2719,1999-03-01,2024,2025-01-08,B340014,한국대학교육협의회,부산광역시 남구 못골번영로71번길 74,부산광역시,남구,부산광역시
상지영서대학교,Sangji Youngseo College,본교,전문대학,전문대학,사립,51,강원특별자치도,강원특별자치도 원주시 상지대길 83 (우산동),,26339,,www.sy.ac.kr,033-744-4150,033-744-1333,1973-03-10,2024,2025-01-08,B340014,한국대학교육협의회,강원특별자치도 원주시 상지대길 83,강원특별자치도,원주시,원주시
서라벌대학교,Sorabol University,본교,전문대학,전문대학,사립,47,경상북도,"경상북도 경주시 태종로 478-20 (충효동, 서라벌대학)",,38057,,home.sorabol.ac.kr/,054-770-3500,054-741-5429,1981-01-21,2024,2025-01-08,B340014,한국대학교육협의회,경상북도 경주시 태종로 478-20,경상북도,경주시,경주시
서영대학교,Seoyeong University,본교,전문대학,전문대학,사립,29,광주광역시,"광주광역시 북구 서강로 1 (운암동, 서영대학교)",,61268,,www.seoyeong.ac.kr,062-520-5114,062-523-4606,1979-03-01,2024,2025-01-08,B340014,한국대학교육협의회,광주광역시 북구 서강로 1,광주광역시,북구,광주광역시
서해대학,Sohae College,본교,전문대학,전문대학,사립,52,전북특별자치도,"전북특별자치도 군산시 서해대길 6 (오룡동, 서해대학)",,54116,,www.sohae.ac.kr,063-460-9126,063-460-9325,1974-03-21,2024,2025-01-08,B340014,한국대학교육협의회,전북특별자치도 군산시 서해대길 6,전북특별자치도,군산시,군산시
선린대학교,Sunlin  University,본교,전문대학,전문대학,사립,47,경상북도,"경상북도 포항시 북구 흥해읍 초곡길36번길 30 (초곡리, 선린대학)",,37560,,www.sunlin.ac.kr,054-260-5000,054-261-9455,1969-03-20,2024,2025-01-08,B340014,한국대학교육협의회,경상북도 포항시 북구 흥해읍 초곡길36번길 30,경상북도,포항시,포항시
성심외국어대학,Sungsim College Of Foreign Languages,본교,전문대학,전문대학,사립,26,부산광역시,"부산광역시 해운대구 반송순환로 142 (반송동, 영산대학교부산캠퍼스)",,48015,,www.sungsim.ac.kr,055-380-9094,055-380-9376,1982-12-10,2024,2025-01-08,B340014,한국대학교육협의회,부산광역시 해운대구 반송순환로 142,부산광역시,해운대구,부산광역시
성운대학교,SungWoon University,본교,전문대학,전문대학,사립,47,경상북도,"경상북도 영천시 신녕면 대학길 105 (화남리, 성덕대학교)",,38801,,www.sw.ac.kr,054-330-8800,054-330-8810,1996-12-26,2024,2025-01-08,B340014,한국대학교육협의회,경상북도 영천시 신녕면 대학길 105,경상북도,영천시,영천시
세경대학교,Saekyung University,본교,전문대학,전문대학,사립,51,강원특별자치도,강원특별자치도 영월군 영월읍 하송로 197,,26239,,www.saekyung.ac.kr,033-371-3000,033-371-3029,1993-11-18,2024,2025-01-08,B340014,한국대학교육협의회,강원특별자치도 영월군 영월읍 하송로 197,강원특별자치도,영월군,영월군
송곡대학교,Songgok University,본교,전문대학,전문대학,사립,51,강원특별자치도,강원특별자치도 춘천시 남산면 송곡대학길 34,,24465,,www.songgok.ac.kr,033-260-3600,033-261-4599,2002-11-19,2024,2025-01-08,B340014,한국대학교육협의회,강원특별자치도 춘천시 남산면 송곡대학길 34,강원특별자치도,춘천시,춘천시
송호대학교,Songho University,본교,전문대학,전문대학,사립,51,강원특별자치도,강원특별자치도 횡성군 횡성읍 남산로 210,,25242,,www.songho.ac.kr,033-340-1000,033-340-1006,1999-12-20,2024,2025-01-08,B340014,한국대학교육협의회,강원특별자치도 횡성군 횡성읍 남산로 210,강원특별자치도,횡성군,횡성군
수성대학교,Suseong University,본교,전문대학,전문대학,사립,27,대구광역시,"대구광역시 수성구 달구벌대로528길 15 (만촌동, 수성대학교)",,42078,,www.sc.ac.kr,053-749-7000,053-751-1823,1973-12-19,2024,2025-01-08,B340014,한국대학교육협의회,대구광역시 수성구 달구벌대로528길 15,대구광역시,수성구,대구광역시
대구과학대학교,Taegu Science University,본교,전문대학,전문대학,사립,27,대구광역시,"대구광역시 북구 영송로 47 (태전동, 대구과학대학)",,41453,,www.tsu.ac.kr,053-320-1114,053-320-1045,1960-05-09,2024,2025-01-08,B340014,한국대학교육협의회,대구광역시 북구 영송로 47,대구광역시,북구,대구광역시
대구미래대학교,Daegu Future College,본교,전문대학,전문대학,사립,47,경상북도,"경상북도 경산시 미래로 114 (평산동, 대구미래대학)",,38607,,www.dfc.ac.kr,053-810-9405,053-802-3162,1981-03-01,2024,2025-01-08,B340014,한국대학교육협의회,경상북도 경산시 미래로 114,경상북도,경산시,경산시
대덕대학교,Daeduk University,본교,전문대학,전문대학,사립,30,대전광역시,"대전광역시 유성구 가정북로 68 (장동, 대덕대학)",,34111,,www.ddu.ac.kr,042-866-0200,042-862-7343,1980-12-11,2024,2025-01-08,B340014,한국대학교육협의회,대전광역시 유성구 가정북로 68,대전광역시,유성구,대전광역시
대동대학교,Daedong University,본교,전문대학,전문대학,사립,26,부산광역시,"부산광역시 금정구 동부곡로27번길 88 (부곡동, 대동대학교)",,46270,,www.daedong.ac.kr,051-518-5444,051-514-5847,1971-03-06,2024,2025-01-08,B340014,한국대학교육협의회,부산광역시 금정구 동부곡로27번길 88,부산광역시,금정구,부산광역시
대원대학교,Daewon University College,본교,전문대학,전문대학,사립,43,충청북도,"충청북도 제천시 대학로 316 (신월동, 대원대학)",,27135,,www.daewon.ac.kr,043-645-9171,043-645-9170,1995-03-01,2024,2025-01-08,B340014,한국대학교육협의회,충청북도 제천시 대학로 316,충청북도,제천시,제천시
대전과학기술대학교,Daejeon Institute Of Science And Technology,본교,전문대학,전문대학,사립,30,대전광역시,"대전광역시 서구 혜천로 100 (복수동, 대전과학기술대학교)",,35408,,www.dst.ac.kr,042-580-6114,042-580-6159,1940-04-15,2024,2025-01-08,B340014,한국대학교육협의회,대전광역시 서구 혜천로 100,대전광역시,서구,대전광역시
대전보건대학교,DAEJEON HEALTH UNIVERSITY,본교,전문대학,전문대학,사립,30,대전광역시,"대전광역시 동구 충정로 21 (가양동, 대전보건대학)",,34504,,www.hit.ac.kr,042-670-9000,042-670-9049,1977-12-03,2024,2025-01-08,B340014,한국대학교육협의회,대전광역시 동구 충정로 21,대전광역시,동구,대전광역시
동강대학교,Donggang University,본교,전문대학,전문대학,사립,29,광주광역시,"광주광역시 북구 동문대로 50 (풍향동, 동강대학)",,61200,,www.dkc.ac.kr,062-520-2212,062-520-2216,1976-01-24,2024,2025-01-08,B340014,한국대학교육협의회,광주광역시 북구 동문대로 50,광주광역시,북구,광주광역시
동부산대학교,Dong-Pusan College,본교,전문대학,전문대학,사립,26,부산광역시,"부산광역시 해운대구 운봉길 60 (반송동, 동부산대학교)",,48000,,www.dpc.ac.kr,051-542-8891,051-540-3844,1978-12-28,2024,2025-01-08,B340014,한국대학교육협의회,부산광역시 해운대구 운봉길 60,부산광역시,해운대구,부산광역시
동아보건대학교,Donga University of Health,본교,전문대학,전문대학,사립,46,전라남도,"전라남도 영암군 학산면 영산로 76-57 (독천리, 동아보건대학교)",,58439,,www.duh.ac.kr,061-470-1700,061-470-1615,1994-03-11,2024,2025-01-08,B340014,한국대학교육협의회,전라남도 영암군 학산면 영산로 76-57,전라남도,영암군,영암군
동우대학,Dong-U College,본교,전문대학,전문대학,사립,51,강원특별자치도,"강원특별자치도 속초시 도리원길 5 (노학동, 동우대학)",,24865,,www.duc.ac.kr,033-632-6551,033-639-0518,1981-03-01,2024,2025-01-08,B340014,한국대학교육협의회,강원특별자치도 속초시 도리원길 5,강원특별자치도,속초시,속초시
동원과학기술대학교,Dongwon Institute Of Science And Technology,본교,전문대학,전문대학,사립,48,경상남도,"경상남도 양산시 명곡로 321 (명곡동, 동원과학기술대학교)",,50578,,www.dist.ac.kr,055-370-8100,055-386-2000,1991-03-18,2024,2025-01-08,B340014,한국대학교육협의회,경상남도 양산시 명곡로 321,경상남도,양산시,양산시
동의과학대학교,Dong Eui Institute Of Technology,본교,전문대학,전문대학,사립,26,부산광역시,"부산광역시 부산진구 양지로 54 (양정동, 동의과학대학)",,47230,,www.dit.ac.kr,051-852-0011,051-860-3270,1972-12-14,2024,2025-01-08,B340014,한국대학교육협의회,부산광역시 부산진구 양지로 54,부산광역시,부산진구,부산광역시
마산대학교,Masan University,본교,전문대학,전문대학,사립,48,경상남도,"경상남도 창원시 마산회원구 내서읍 함마대로 2640 (용담리, 마산대학)",,51217,,www.masan.ac.kr,055-230-1212,055-231-1177,1956-05-30,2024,2025-01-08,B340014,한국대학교육협의회,경상남도 창원시 마산회원구 내서읍 함마대로 2640,경상남도,창원시,창원시
목포과학대학교,Mokpo Science University,본교,전문대학,전문대학,사립,46,전라남도,"전라남도 목포시 영산로 413-1 (상동, 목포과학대학)",,58644,,www.msu.ac.kr,061-278-8651,061-279-8838,1976-03-10,2024,2025-01-08,B340014,한국대학교육협의회,전라남도 목포시 영산로 413-1,전라남도,목포시,목포시
문경대학교,Munkyung College,본교,전문대학,전문대학,사립,47,경상북도,경상북도 문경시 호계면 대학길 161 (별암리),,36930,,www.mkc.ac.kr,054-559-1114,054-559-1059,1995-12-27,2024,2025-01-08,B340014,한국대학교육협의회,경상북도 문경시 호계면 대학길 161,경상북도,문경시,문경시
경남도립거창대학,University Of Gyeongnam Geochang,본교,전문대학,전문대학,공립,48,경상남도,"경상남도 거창군 거창읍 거창대학로 72 (대평리, 경남도립거창대학)",,50147,,www.gc.ac.kr,055-254-2800,055-254-2718,1996-03-01,2024,2025-01-08,B340014,한국대학교육협의회,경상남도 거창군 거창읍 거창대학로 72,경상남도,거창군,거창군
경남도립남해대학,University Of Gyeongnam Namhae,본교,전문대학,전문대학,공립,48,경상남도,"경상남도 남해군 남해읍 화전로78번길 30 (남변리, 경남도립남해대학)",,52422,,univ.namhae.ac.kr,055-254-2400,055-254-2419,1996-03-07,2024,2025-01-08,B340014,한국대학교육협의회,경상남도 남해군 남해읍 화전로78번길 30,경상남도,남해군,남해군
경남정보대학교,Kyungnam College Of Information And Technology,본교,전문대학,전문대학,사립,26,부산광역시,"부산광역시 사상구 주례로 45 (주례동, 경남정보대학교)",,47011,,www.kit.ac.kr,051-324-5555,051-324-1858,1971-03-01,2024,2025-01-08,B340014,한국대학교육협의회,부산광역시 사상구 주례로 45,부산광역시,사상구,부산광역시
경북과학대학교,Kyongbuk Science College,본교,전문대학,전문대학,사립,47,경상북도,"경상북도 칠곡군 기산면 지산로 634 (봉산리, 경북과학대학교)",,39913,,www.kbsc.ac.kr,054-979-9001,054-979-9130,1993-03-15,2024,2025-01-08,B340014,한국대학교육협의회,경상북도 칠곡군 기산면 지산로 634,경상북도,칠곡군,칠곡군
경북도립대학교,Gyeongbuk Provincial College,본교,전문대학,전문대학,공립,47,경상북도,"경상북도 예천군 예천읍 도립대학길 114 (청복리, 경북도립대학교)",,36830,,www.gpc.ac.kr,054-650-0128,054-650-0129,1996-12-26,2024,2025-01-08,B340014,한국대학교육협의회,경상북도 예천군 예천읍 도립대학길 114,경상북도,예천군,예천군
경북보건대학교,Gyeongbuk College Of Health,본교,전문대학,전문대학,사립,47,경상북도,"경상북도 김천시 대학로 168 (삼락동, 경북보건대학교)",,39525,,www.gch.ac.kr,054-420-9200,054-430-4477,1998-05-01,2024,2025-01-08,B340014,한국대학교육협의회,경상북도 김천시 대학로 168,경상북도,김천시,김천시
경북전문대학교,Kyungbuk College,본교,전문대학,전문대학,사립,47,경상북도,"경상북도 영주시 대학로 77 (휴천동, 경북전문대학교)",,36133,,www.kbc.ac.kr,054-630-5114,054-632-0754,1972-03-01,2024,2025-01-08,B340014,한국대학교육협의회,경상북도 영주시 대학로 77,경상북도,영주시,영주시
계명문화대학교,Keimyung College University,본교,전문대학,전문대학,사립,27,대구광역시,"대구광역시 달서구 달서대로 675 (신당동, 계명문화대학교)",,42601,,www.kmcu.ac.kr,053-589-7744,053-589-7400,1962-02-27,2024,2025-01-08,B340014,한국대학교육협의회,대구광역시 달서구 달서대로 675,대구광역시,달서구,대구광역시
광양보건대학교,Gwangyang Health Sciences University,본교,전문대학,전문대학,사립,46,전라남도,"전라남도 광양시 광양읍 대학로 85 (덕례리, 광양보건대학)",,57764,,www.gy.ac.kr,061-760-1411,061-763-9009,1994-03-15,2024,2025-01-08,B340014,한국대학교육협의회,전라남도 광양시 광양읍 대학로 85,전라남도,광양시,광양시
광주보건대학교,Gwangju Health University,본교,전문대학,전문대학,사립,29,광주광역시,"광주광역시 광산구 북문대로419번길 73 (신창동, 광주보건대학)",,62287,,www.ghu.ac.kr,062-958-7500,062-953-4946,1971-12-23,2024,2025-01-08,B340014,한국대학교육협의회,광주광역시 광산구 북문대로419번길 73,광주광역시,광산구,광주광역시
구미대학교,Gumi University,본교,전문대학,전문대학,사립,47,경상북도,"경상북도 구미시 야은로 37 (부곡동, 구미대학교)",,39213,,www.gumi.ac.kr,054-440-1114,054-442-8953,1991-11-30,2024,2025-01-08,B340014,한국대학교육협의회,경상북도 구미시 야은로 37,경상북도,구미시,구미시
군산간호대학교,Kunsan College Of Nursing,본교,전문대학,전문대학,사립,52,전북특별자치도,"전북특별자치도 군산시 동개정길 7 (개정동, 군산간호대학교)",,54068,,www.kcn.ac.kr,063-450-3803,063-450-3809,1951-07-01,2024,2025-01-08,B340014,한국대학교육협의회,전북특별자치도 군산시 동개정길 7,전북특별자치도,군산시,군산시
군장대학교,Kunjang University College,본교,전문대학,전문대학,사립,52,전북특별자치도,"전북특별자치도 군산시 성산면 군장대길 13 (도암리, 군장대학)",,54045,,www.kunjang.ac.kr,063-450-8114,063-450-8116,1994-03-09,2024,2025-01-08,B340014,한국대학교육협의회,전북특별자치도 군산시 성산면 군장대길 13,전북특별자치도,군산시,군산시
기독간호대학교,Christian College Of Nursing,본교,전문대학,전문대학,사립,29,광주광역시,"광주광역시 남구 백서로70번길 6 (양림동, 기독간호대학)",,61662,,ccn.ac.kr,062-650-8021,062-675-5806,1967-03-21,2024,2025-01-08,B340014,한국대학교육협의회,광주광역시 남구 백서로70번길 6,광주광역시,남구,광주광역시
김해대학교,Gimhae University,본교,전문대학,전문대학,사립,48,경상남도,"경상남도 김해시 삼안로112번길 198 (삼방동, 김해대학교)",,50811,,www.gimhae.ac.kr,055-320-1600,055-320-1666,2004-12-01,2024,2025-01-08,B340014,한국대학교육협의회,경상남도 김해시 삼안로112번길 198,경상남도,김해시,김해시
나주대학교,Naju College,본교,전문대학,전문대학,사립,46,전라남도,"전라남도 나주시 다시면 백호로 125 (복암리, 고구려대학)",,58280,,www.naju.ac.kr,061-330-7400,061-335-7128,1995-01-25,2024,2025-01-08,B340014,한국대학교육협의회,전라남도 나주시 다시면 백호로 125,전라남도,나주시,나주시
대경대학교,Daekyeung College,본교,전문대학,전문대학,사립,47,경상북도,"경상북도 경산시 자인면 단북1길 65 (단북리, 대경대학)",,38547,,www.tk.ac.kr,053-850-1000,053-850-1214,1992-12-11,2024,2025-01-08,B340014,한국대학교육협의회,경상북도 경산시 자인면 단북1길 65,경상북도,경산시,경산시
대구공업대학교,Daegutechnical University,본교,전문대학,전문대학,사립,27,대구광역시,"대구광역시 달서구 송현로 205 (본동, 대구공업대학)",,42734,,www.ttc.ac.kr,053-560-3700,053-527-0506,1976-03-20,2024,2025-01-08,B340014,한국대학교육협의회,대구광역시 달서구 송현로 205,대구광역시,달서구,대구광역시
국립공주대학교 경영행정대학원,The Graduate School Of Business &  Public Administration Kongju National University,본교,대학원,특수대학원,국립,44,충청남도,"충청남도 공주시 공주대학로 56 (신관동, 공주대학교)",,32588,,gbpa.kongju.ac.kr,041-850-8353,041-850-8355,1997-03-01,2024,2025-01-08,B340014,한국대학교육협의회,충청남도 공주시 공주대학로 56,충청남도,공주시,공주시
국립공주대학교 산업과학대학원,The Graduate School Of Industrial Sciences Kongju National University,본교,대학원,특수대학원,국립,44,충청남도,"충청남도 예산군 예산읍 대학로 54 (대회리, 공주대학교산업과학대학)",,32439,,knugsis.modoo.at/,041-330-1011,041-330-1035,1994-03-01,2024,2025-01-08,B340014,한국대학교육협의회,충청남도 예산군 예산읍 대학로 54,충청남도,예산군,예산군
국립공주대학교 테크노융합대학원,The Graduate School Of Technology & Fusion Kongju National University,본교,대학원,특수대학원,국립,44,충청남도,"충청남도 천안시 서북구 천안대로 1223-24 (부대동, 공주대학교천안공과대학)",,31080,,techno.kongju.ac.kr,041-562-8080,041-521-9099,2009-03-01,2024,2025-01-08,B340014,한국대학교육협의회,충청남도 천안시 서북구 천안대로 1223-24,충청남도,천안시,천안시
국립군산대학교 경영행정대학원,"Graduate School of Business and Public Administration, Kunsan National University",본교,대학원,특수대학원,국립,52,전북특별자치도,"전북특별자치도 군산시 대학로 558 (미룡동, 군산대학교)",,54150,,kunsan.ac.kr,063-469-4447,063-466-2084,1994-10-21,2024,2025-01-08,B340014,한국대학교육협의회,전북특별자치도 군산시 대학로 558,전북특별자치도,군산시,군산시
국립금오공과대학교 교육대학원,Kumoh National Institute of Technology Graduate School of Education,본교,대학원,특수대학원,국립,47,경상북도,"경상북도 구미시 대학로 61 (양호동, 금오공과대학교)",,39177,,edu.kumoh.ac.kr,054-478-7016,054-478-7020,1999-11-20,2024,2025-01-08,B340014,한국대학교육협의회,경상북도 구미시 대학로 61,경상북도,구미시,구미시
국립목포대학교 경영행정대학원,Graduate School Of Business & Public Administration,본교,대학원,특수대학원,국립,46,전라남도,전라남도 무안군 삼향읍 남악로 190,,58579,,www.mokpo.ac.kr,061-270-1602,061-273-6751,1991-02-28,2024,2025-01-08,B340014,한국대학교육협의회,전라남도 무안군 삼향읍 남악로 190,전라남도,무안군,무안군
국립목포대학교 교육대학원,Graduateschool Of Education,본교,대학원,특수대학원,국립,46,전라남도,"전라남도 무안군 청계면 영산로 1666 (도림리, 목포대학교)",,58554,,www.mokpo.ac.kr,061-450-2903,061-450-2904,1994-03-01,2024,2025-01-08,B340014,한국대학교육협의회,전라남도 무안군 청계면 영산로 1666,전라남도,무안군,무안군
광주가톨릭대학교 대학원,Gwangju Catholic University Graduate School,본교,대학원,일반대학원,사립,46,전라남도,"전라남도 나주시 남평읍 중남길 12-25 (남석리, 광주가톨릭대학교)",,58230,,www.gjc.ac.kr,061-337-2181,061-337-2185,1965-01-13,2024,2025-01-08,B340014,한국대학교육협의회,전라남도 나주시 남평읍 중남길 12-25,전라남도,나주시,나주시
광주과학기술원 일반대학원,Gwangju Institute Of Science And Technology,본교,대학원,일반대학원,특별법법,29,광주광역시,"광주광역시 북구 첨단과기로 123 (오룡동, 광주과학기술원)",,61005,,www.gist.ac.kr,062-715-2114,062-715-2300,1993-11-17,2024,2025-01-08,B340014,한국대학교육협의회,광주광역시 북구 첨단과기로 123,광주광역시,북구,광주광역시
광주교육대학교 교육대학원,Graduate School Of Education Gnue,본교,대학원,특수대학원,국립,29,광주광역시,"광주광역시 북구 필문대로 55 (풍향동, 광주교육대학교)",,61204,,gnue.ac.kr,062-520-4083,062-520-4352,1996-03-01,2024,2025-01-08,B340014,한국대학교육협의회,광주광역시 북구 필문대로 55,광주광역시,북구,광주광역시
광주대학교 보건상담정책대학원,"Graduate School of Public Health, Counselling & Policy, Gwangju University",본교,대학원,특수대학원,사립,29,광주광역시,"광주광역시 남구 효덕로 277 (진월동, 광주대학교)",,61743,,www.gwangju.ac.kr,062-670-2121,062-670-2629,2014-03-01,2024,2025-01-08,B340014,한국대학교육협의회,광주광역시 남구 효덕로 277,광주광역시,남구,광주광역시
광주여자대학교 교육대학원,"Graduate School Of Education, Kwu",본교,대학원,특수대학원,사립,29,광주광역시,광주광역시 광산구 광주여대길 45 (산정동),,62396,,www.kwu.ac.kr,062-950-3802,062-950-3803,1997-03-03,2024,2025-01-08,B340014,한국대학교육협의회,광주광역시 광산구 광주여대길 45,광주광역시,광산구,광주광역시
국립강릉원주대학교 경영정책과학대학원,Gangneung Wonju Graduate School Of Management & Policy Science,본교,대학원,특수대학원,국립,51,강원특별자치도,강원특별자치도 강릉시 죽헌길 7 (지변동),,25457,,www.gwnu.ac.kr,033-640-2163,033-640-2166,1979-01-18,2024,2025-01-08,B340014,한국대학교육협의회,강원특별자치도 강릉시 죽헌길 7,강원특별자치도,강릉시,강릉시
국립강릉원주대학교 경영정책과학대학원,Gangneung Wonju Graduate School Of Management & Policy Science,제2캠퍼,대학원,특수대학원,국립,51,강원특별자치도,강원특별자치도 원주시 흥업면 남원로 150,,26403,,www.gwnu.ac.kr,033-640-2081,033-640-2166,2009-03-01,2024,2025-01-08,B340014,한국대학교육협의회,강원특별자치도 원주시 흥업면 남원로 150,강원특별자치도,원주시,원주시
고려대학교(세종) 의용과학대학원,Graduate School of Bio-Medical Science,분교,대학원,특수대학원,사립,36,세종특별자치시,"세종특별자치시 조치원읍 세종로 2511 (서창리, 고려대학교세종캠퍼스)",,30019,,biomedical.korea.ac.kr/,044-860-1305,044-860-1307,1999-11-02,2024,2025-01-08,B340014,한국대학교육협의회,세종특별자치시 조치원읍 세종로 2511,세종특별자치시,,세종특별자치시
고신대학교 교육대학원,Graduate School Of Education,본교,대학원,특수대학원,사립,26,부산광역시,"부산광역시 영도구 와치로 194 (동삼동, 고신대학교)",,49104,,www.kosin.ac.kr,051-990-2432,051-911-2521,1999-11-01,2024,2025-01-08,B340014,한국대학교육협의회,부산광역시 영도구 와치로 194,부산광역시,영도구,부산광역시
고신대학교 보건대학원,Graduate School Of Public Health,본교,대학원,특수대학원,사립,26,부산광역시,"부산광역시 서구 감천로 262 (암남동, 고신대학교의과대학, 고신대학교복음병원)",,49267,,www.kugsph.ac.kr,051-990-6628,051-911-2521,1993-09-04,2024,2025-01-08,B340014,한국대학교육협의회,부산광역시 서구 감천로 262,부산광역시,서구,부산광역시
고신대학교 신학대학원,Korea Theological Seminary,본교,대학원,특수대학원,사립,44,충청남도,충청남도 천안시 동남구 충절로 535-33 (삼룡동),,31071,,www.kts.ac.kr,041-560-1920,041-560-1971,1980-11-03,2024,2025-01-08,B340014,한국대학교육협의회,충청남도 천안시 동남구 충절로 535-33,충청남도,천안시,천안시
공주교육대학교 교육대학원,Graduate School Of Education Gongju National University of Education,본교,대학원,특수대학원,국립,44,충청남도,"충청남도 공주시 웅진로 27 (봉황동, 공주교육대학교)",,32553,,www.gjue.ac.kr/gra,041-850-1362,041-850-1363,1995-11-10,2024,2025-01-08,B340014,한국대학교육협의회,충청남도 공주시 웅진로 27,충청남도,공주시,공주시
광신대학교 교육대학원,"Graduate School Of Education, Kwangshin University",본교,대학원,특수대학원,사립,29,광주광역시,"광주광역시 북구 양산택지소로 36 (본촌동, 광신대학교)",,61027,,www.kwangshin.ac.kr,062-605-1027,062-572-0264,2002-11-12,2024,2025-01-08,B340014,한국대학교육협의회,광주광역시 북구 양산택지소로 36,광주광역시,북구,광주광역시
계명대학교 글로벌창업대학원,Graduate School Of Global Entrepreneurship,본교,대학원,특수대학원,사립,27,대구광역시,"대구광역시 남구 명덕로 104 (대명동, 계명대학교)",,42403,,startup.kmu.ac.kr,053-620-2073,053-620-2071,2014-09-01,2024,2025-01-08,B340014,한국대학교육협의회,대구광역시 남구 명덕로 104,대구광역시,남구,대구광역시
경운대학교 산업정보대학원,"Kyungwoon University, Graduate School Of Industrial Information",본교,대학원,특수대학원,사립,47,경상북도,"경상북도 구미시 산동면 강동로 730 (인덕리, 경운대학교)",,39160,,www.ikw.ac.kr,054-479-1141,054-479-1088,2012-03-01,2024,2025-01-08,B340014,한국대학교육협의회,경상북도 구미시 산동면 강동로 730,경상북도,구미시,구미시
경북대학교 행정대학원,Kyungpook National University Graduate School Of Public Administration,본교,대학원,특수대학원,국립,27,대구광역시,"대구광역시 북구 대학로 80 (산격동, 경북대학교)",,41566,,gspa.knu.ac.kr,053-950-3722,053-950-5454,1979-12-05,2024,2025-01-08,B340014,한국대학교육협의회,대구광역시 북구 대학로 80,대구광역시,북구,대구광역시
경상국립대학교 건축도시토목대학원,"Graduate School of Architectural, Civil and Urban Engineering",본교,대학원,특수대학원,국립,48,경상남도,경상남도 진주시 진주대로 501 (가좌동),,52828,,lh.gnu.ac.kr/main/,055-772-1604,055-772-1619,2021-03-01,2024,2025-01-08,B340014,한국대학교육협의회,경상남도 진주시 진주대로 501,경상남도,진주시,진주시
경상국립대학교 보건대학원,Graduate School Of Public Health,본교,대학원,특수대학원,국립,48,경상남도,경상남도 진주시 진주대로816번길 15 (주약동),,52727,,www.gnu.ac.kr,055-772-8208,055-772-8210,1948-08-10,2024,2025-01-08,B340014,한국대학교육협의회,경상남도 진주시 진주대로816번길 15,경상남도,진주시,진주시
경상국립대학교 산업복지대학원,Graduate School of Industrial Welfare,본교,대학원,특수대학원,국립,48,경상남도,경상남도 진주시 동진로 33 (칠암동),,52725,,https://newgh.gnu.ac.kr/gsiw/main.do,055-772-3912,055-772-3919,2014-03-01,2024,2025-01-08,B340014,한국대학교육협의회,경상남도 진주시 동진로 33,경상남도,진주시,진주시
경성대학교 경영대학원,Kyungsung University Graduate School Of Management,본교,대학원,특수대학원,사립,26,부산광역시,"부산광역시 남구 수영로 309 (대연동, 경성대학교)",,48434,,ks.ac.kr/gmanagement,051-663-5571,051-663-4059,1981-11-25,2024,2025-01-08,B340014,한국대학교육협의회,부산광역시 남구 수영로 309,부산광역시,남구,부산광역시
경남대학교 교육대학원,"Graduate School Of Education, Kyungnam University",본교,대학원,특수대학원,사립,48,경상남도,"경상남도 창원시 마산합포구 경남대학로 7 (월영동, 경남대학교)",,51767,,www.kyungnam.ac.kr/gse,055-249-2811,055-246-7407,1979-12-05,2024,2025-01-08,B340014,한국대학교육협의회,경상남도 창원시 마산합포구 경남대학로 7,경상남도,창원시,창원시
경북대학교 과학기술대학원,Kyungpook National University Graduate School Of Science And Technology,본교,대학원,특수대학원,국립,47,경상북도,"경상북도 상주시 경상대로 2559 (가장동, 경북대학교상주캠퍼스)",,37224,,seoksa.knu.ac.kr,054-530-1564,054-530-1649,2009-03-01,2024,2025-01-08,B340014,한국대학교육협의회,경상북도 상주시 경상대로 2559,경상북도,상주시,상주시
경북대학교 보건대학원,Kyungpook National University Graduate School Of Public Health,본교,대학원,특수대학원,국립,27,대구광역시,"대구광역시 중구 국채보상로 680 (동인동2가, 경북대학교의과대학)",,41944,,health.knu.ac.kr,053-420-4910,053-421-1695,1981-03-01,2024,2025-01-08,B340014,한국대학교육협의회,대구광역시 중구 국채보상로 680,대구광역시,중구,대구광역시
경북대학교 치의학전문대학원,Kyungpook National University School Of Dentistry,본교,대학원,전문대학원,국립,27,대구광역시,"대구광역시 중구 달구벌대로 2177 (삼덕동2가, 경북대학교치의학전문대학원)",,41940,,dent.knu.ac.kr,053-660-6803,053-425-6025,2005-03-01,2024,2025-01-08,B340014,한국대학교육협의회,대구광역시 중구 달구벌대로 2177,대구광역시,중구,대구광역시
건국대학교(글로컬) 교육대학원,Konkuk Graduate School Of Education,분교,대학원,특수대학원,사립,43,충청북도,"충청북도 충주시 충원대로 268 (단월동, 건국대학교 글로컬캠퍼스)",,27478,,http://gsedu.kku.ac.kr/main.do,043-840-3232,043-851-9324,1998-03-01,2024,2025-01-08,B340014,한국대학교육협의회,충청북도 충주시 충원대로 268,충청북도,충주시,충주시
건양대학교 경영사회복지대학원,"Graduate School Of Business & Social Welfare, Konyang University",본교,대학원,특수대학원,사립,44,충청남도,"충청남도 논산시 대학로 121 (내동, 건양대학교)",,32992,,kygrad.konyang.ac.kr/,041-730-5251,041-730-5255,1990-11-28,2024,2025-01-08,B340014,한국대학교육협의회,충청남도 논산시 대학로 121,충청남도,논산시,논산시
건양대학교 경영사회복지대학원,Konyang University Graduate School Of Business & Social Welfare,제2캠퍼,대학원,특수대학원,사립,30,대전광역시,"대전광역시 서구 관저동로 158 (관저동, 건양대학교병원)",,35365,,kygrad.konyang.ac.kr/,042-600-1651,042-600-1641,1990-11-28,2024,2025-01-08,B340014,한국대학교육협의회,대전광역시 서구 관저동로 158,대전광역시,서구,대전광역시
국립창원대학교 산업대학원,Graduate School  Of Engineering Changwon National University,본교,대학원,특수대학원,국립,48,경상남도,"경상남도 창원시 의창구 창원대학로 20 (사림동, 창원대학교)",,51140,,www.changwon.ac.kr/gseni/main.do,055-213-2365,055-213-2369,1993-03-01,2024,2025-01-08,B340014,한국대학교육협의회,경상남도 창원시 의창구 창원대학로 20,경상남도,창원시,창원시
국립한국교통대학교 교육대학원,Korea National University Of Transportation-Graduate School Of Education,본교,대학원,특수대학원,국립,43,충청북도,"충청북도 충주시 대소원면 대학로 50 (검단리, 한국교통대학교)",,27469,,www.ut.ac.kr/dhw.do,043-841-5036,043-841-5109,2012-03-01,2024,2025-01-08,B340014,한국대학교육협의회,충청북도 충주시 대소원면 대학로 50,충청북도,충주시,충주시
국립한국해양대학교 교육대학원,"Graduate School of Education, Korea Maritime & Ocean University",본교,대학원,특수대학원,국립,26,부산광역시,"부산광역시 영도구 태종로 727 (동삼동, 한국해양대학교)",,49112,,www.kmou.ac.kr,051-410-5173,051-403-0432,2004-10-03,2024,2025-01-08,B340014,한국대학교육협의회,부산광역시 영도구 태종로 727,부산광역시,영도구,부산광역시
국립한밭대학교 산업대학원,Hanbat National University  Graduate School Of Industry,본교,대학원,특수대학원,국립,30,대전광역시,"대전광역시 유성구 동서대로 125 (덕명동, 한밭대학교)",,34158,,www.hanbat.ac.kr/industry/index.do,042-821-1114,042-825-5395,2012-03-01,2024,2025-01-08,B340014,한국대학교육협의회,대전광역시 유성구 동서대로 125,대전광역시,유성구,대전광역시
국립목포해양대학교 대학원,Mokpo National Maritime University Graduate School,본교,대학원,일반대학원,국립,46,전라남도,"전라남도 목포시 해양대학로 91 (죽교동, 목포해양대학교)",,58628,,www.mmu.ac.kr,061-240-7114,061-242-5176,1997-03-01,2024,2025-01-08,B340014,한국대학교육협의회,전라남도 목포시 해양대학로 91,전라남도,목포시,목포시
국립부경대학교 경영대학원,Graduate School Of Business Administration,본교,대학원,특수대학원,국립,26,부산광역시,"부산광역시 남구 용소로 45 (대연동, 부경대학교대연캠퍼스)",,48513,,cbais.pknu.ac.kr,051-629-5705,051-629-5714,1998-03-01,2024,2025-01-08,B340014,한국대학교육협의회,부산광역시 남구 용소로 45,부산광역시,남구,부산광역시
국립부경대학교 기술경영전문대학원,Graduate School Of Mot(Management Of Technology),본교,대학원,전문대학원,국립,26,부산광역시,"부산광역시 남구 신선로 365 (용당동, 부경대학교용당캠퍼스)",,48547,,https://mot.pknu.ac.kr/,051-629-5656,051-629-5659,2016-03-02,2024,2025-01-08,B340014,한국대학교육협의회,부산광역시 남구 신선로 365,부산광역시,남구,부산광역시
국립순천대학교 경영행정대학원,Graduate School Of Business&Publicadministrati,본교,대학원,특수대학원,국립,46,전라남도,"전라남도 순천시 중앙로 255 (석현동, 순천대학교)",,57922,,www.scnu.ac.kr/gsba/main.do,061-750-3404,061-750-3408,1995-10-18,2024,2025-01-08,B340014,한국대학교육협의회,전라남도 순천시 중앙로 255,전라남도,순천시,순천시
국립안동대학교 교육대학원,Andong national university Graduate School Of Education,본교,대학원,특수대학원,국립,47,경상북도,"경상북도 안동시 경동로 1375 (송천동, 안동대학교)",,36729,,gse.andong.ac.kr/,054-820-7194,054-820-7653,1995-03-01,2024,2025-01-08,B340014,한국대학교육협의회,경상북도 안동시 경동로 1375,경상북도,안동시,안동시
극동대학교,Far East University,본교,대학,대학교,사립,43,충청북도,"충청북도 음성군 감곡면 대학길 76-32 (왕장리, 극동대학교)",,27601,,www.kdu.ac.kr,043-879-3500,043-879-3519,1997-12-05,2024,2025-01-08,B340014,한국대학교육협의회,충청북도 음성군 감곡면 대학길 76-32,충청북도,음성군,음성군
글로벌사이버대학교,Global Cyber University,본교,대학,사이버대학(대학),사립,44,충청남도,"충청남도 천안시 동남구 목천읍 교천지산길 284-88 (지산리, 글로벌사이버대학교)",,31228,,www.global.ac.kr,1577-1786,041-415-6199,2010-03-01,2024,2025-01-08,B340014,한국대학교육협의회,충청남도 천안시 동남구 목천읍 교천지산길 284-88,충청남도,천안시,천안시
금강대학교,Geumgang University,본교,대학,대학교,사립,44,충청남도,"충청남도 논산시 상월면 상월로 522 (대명리, 금강대학교)",,32906,,www.ggu.ac.kr,041-731-3100,041-731-3109,2002-11-16,2024,2025-01-08,B340014,한국대학교육협의회,충청남도 논산시 상월면 상월로 522,충청남도,논산시,논산시
김천대학교,Gimcheon University,본교,대학,대학교,사립,47,경상북도,"경상북도 김천시 대학로 214 (삼락동, 김천대학교)",,39528,,www.gimcheon.ac.kr,054-420-4000,054-420-4003,2010-03-01,2024,2025-01-08,B340014,한국대학교육협의회,경상북도 김천시 대학로 214,경상북도,김천시,김천시
나사렛대학교,Korea Nazarene University,본교,대학,대학교,사립,44,충청남도,"충청남도 천안시 서북구 월봉로 48 (쌍용동, 나사렛대학교)",,31172,,www.kornu.ac.kr,041-570-7794,041-570-7725,1954-09-14,2024,2025-01-08,B340014,한국대학교육협의회,충청남도 천안시 서북구 월봉로 48,충청남도,천안시,천안시
남부대학교,Nambu University,본교,대학,대학교,사립,29,광주광역시,광주광역시 광산구 남부대길 1 (월계동),,62271,,www.nambu.ac.kr,062-970-0001,062-972-6200,1999-03-12,2024,2025-01-08,B340014,한국대학교육협의회,광주광역시 광산구 남부대길 1,광주광역시,광산구,광주광역시
남서울대학교,Namseoul University,본교,대학,대학교,사립,44,충청남도,"충청남도 천안시 서북구 성환읍 대학로 91 (매주리, 남서울대학교)",,31020,,www.nsu.ac.kr/,041-580-2000,041-582-2117,1994-04-14,2024,2025-01-08,B340014,한국대학교육협의회,충청남도 천안시 서북구 성환읍 대학로 91,충청남도,천안시,천안시
단국대학교,Dankook University,제2캠퍼,대학,대학교,사립,44,충청남도,"충청남도 천안시 동남구 단대로 119 (안서동, 단국대학교천안캠퍼스)",,31116,,www.dankook.ac.kr,1899-3700,031-8021-7106,1978-03-13,2024,2025-01-08,B340014,한국대학교육협의회,충청남도 천안시 동남구 단대로 119,충청남도,천안시,천안시
대구가톨릭대학교,Daegu Catholic University,본교,대학,대학교,사립,47,경상북도,"경상북도 경산시 하양읍 하양로 13-13 (금락리, 대구가톨릭대학교)",,38430,,www.cu.ac.kr,053-850-3114,053-359-7000,1914-10-01,2024,2025-01-08,B340014,한국대학교육협의회,경상북도 경산시 하양읍 하양로 13-13,경상북도,경산시,경산시
대구경북과학기술원,DGIST,본교,대학,대학교,특별법법,27,대구광역시,대구광역시 달성군 현풍읍 테크노중앙대로 333,,42988,,www.dgist.ac.kr,053-785-0114,053-785-1149,2011-03-02,2024,2025-01-08,B340014,한국대학교육협의회,대구광역시 달성군 현풍읍 테크노중앙대로 333,대구광역시,달성군,대구광역시
대구교육대학교,Daegu National University Of Education,본교,대학,교육대학,국립,27,대구광역시,"대구광역시 남구 중앙대로 219 (대명동, 대구교육대학교)",,42411,,www.dnue.ac.kr,053-620-1202,053-651-5369,1950-03-25,2024,2025-01-08,B340014,한국대학교육협의회,대구광역시 남구 중앙대로 219,대구광역시,남구,대구광역시
대구대학교,Daegu University,본교,대학,대학교,사립,47,경상북도,"경상북도 경산시 진량읍 대구대로 201 (내리리, 대구대학교경산캠퍼스)",,38453,,www.daegu.ac.kr,053-850-5000,053-850-5009,1956-05-01,2024,2025-01-08,B340014,한국대학교육협의회,경상북도 경산시 진량읍 대구대로 201,경상북도,경산시,경산시
대구예술대학교,Daegu Arts University,본교,대학,대학교,사립,47,경상북도,"경상북도 칠곡군 가산면 다부거문1길 202 (다부리, 대구예술대학교)",,39851,,www.dgau.ac.kr,054-970-5311,054-973-5319,1996-12-11,2024,2025-01-08,B340014,한국대학교육협의회,경상북도 칠곡군 가산면 다부거문1길 202,경상북도,칠곡군,칠곡군
대구한의대학교,Daegu Haany University,본교,대학,대학교,사립,47,경상북도,경상북도 경산시 한의대로 1(유곡동),,38610,,www.dhu.ac.kr,053-819-1000,053-819-1258,1980-12-29,2024,2025-01-08,B340014,한국대학교육협의회,경상북도 경산시 한의대로 1,경상북도,경산시,경산시
대신대학교,Daeshin University,본교,대학,대학교,사립,47,경상북도,"경상북도 경산시 경청로222길 33 (백천동, 대신대학교)",,38649,,www.daeshin.ac.kr,053-810-0701,053-813-0006,1996-12-11,2024,2025-01-08,B340014,한국대학교육협의회,경상북도 경산시 경청로222길 33,경상북도,경산시,경산시
대전가톨릭대학교,Daejeoncatholicuniversity,본교,대학,대학교,사립,36,세종특별자치시,"세종특별자치시 전의면 가톨릭대학로 30 (신방리, 대전가톨릭대학교)",,30006,,www.dcatholic.ac.kr,044-861-7101,044-861-7106,1993-03-01,2024,2025-01-08,B340014,한국대학교육협의회,세종특별자치시 전의면 가톨릭대학로 30,세종특별자치시,,세종특별자치시
대전대학교,Daejeon University,본교,대학,대학교,사립,30,대전광역시,"대전광역시 동구 대학로 62 (용운동, 대전대학교)",,34520,,www.dju.ac.kr,042-280-2114,042-283-8808,1980-12-29,2024,2025-01-08,B340014,한국대학교육협의회,대전광역시 동구 대학로 62,대전광역시,동구,대전광역시
대전신학대학교,Daejeon Theological University,본교,대학,대학교,사립,30,대전광역시,"대전광역시 대덕구 한남로 41 (오정동, 대전신학대학교)",,34432,,www.daejeon.ac.kr,042-606-0114,042-621-0821,2009-03-01,2024,2025-01-08,B340014,한국대학교육협의회,대전광역시 대덕구 한남로 41,대전광역시,대덕구,대전광역시
동국대학교(WISE),Dongguk University,분교,대학,대학교,사립,47,경상북도,경상북도 경주시 동대로 123(석장동),,38066,,wise.dongguk.ac.kr,054-770-2844,054-770-2846,1978-10-12,2024,2025-01-08,B340014,한국대학교육협의회,경상북도 경주시 동대로 123,경상북도,경주시,경주시
동명대학교,Tongmyong University,본교,대학,대학교,사립,26,부산광역시,"부산광역시 남구 신선로 428 (용당동, 동명대학교)",,48520,,www.tu.ac.kr,051-629-1000,051-629-0619,2006-03-01,2024,2025-01-08,B340014,한국대학교육협의회,부산광역시 남구 신선로 428,부산광역시,남구,부산광역시
동신대학교,Dongshinuniversity,본교,대학,대학교,사립,46,전라남도,전라남도 나주시 동신대길 67 (대호동),,58245,,www.dsu.ac.kr,061-330-3114,061-330-2909,1986-12-31,2024,2025-01-08,B340014,한국대학교육협의회,전라남도 나주시 동신대길 67,전라남도,나주시,나주시
동아대학교,Dong-A University,본교,대학,대학교,사립,26,부산광역시,"부산광역시 사하구 낙동대로550번길 37 (하단동, 동아대학교)",,49315,,www.donga.ac.kr,051-200-6114,051-205-5788,1946-11-01,2024,2025-01-08,B340014,한국대학교육협의회,부산광역시 사하구 낙동대로550번길 37,부산광역시,사하구,부산광역시
동양대학교,Dongyang University,본교,대학,대학교,사립,47,경상북도,"경상북도 영주시 풍기읍 동양대로 145 (산법리, 동양대학교)",,36040,,www.dyu.ac.kr,054-630-1114,054-636-8523,1994-03-01,2024,2025-01-08,B340014,한국대학교육협의회,경상북도 영주시 풍기읍 동양대로 145,경상북도,영주시,영주시
동의대학교,Dong-Eui University,본교,대학,대학교,사립,26,부산광역시,"부산광역시 부산진구 엄광로 176 (가야동, 동의대학교)",,47340,,www.deu.ac.kr,051-890-1114,051-890-1234,1979-01-10,2024,2025-01-08,B340014,한국대학교육협의회,부산광역시 부산진구 엄광로 176,부산광역시,부산진구,부산광역시
목원대학교,Mokwon University,본교,대학,대학교,사립,30,대전광역시,"대전광역시 서구 도안북로 88 (도안동, 목원대학교)",,35349,,www.mokwon.ac.kr,042-829-7114,042-825-5020,1965-01-13,2024,2025-01-08,B340014,한국대학교육협의회,대전광역시 서구 도안북로 88,대전광역시,서구,대전광역시
목포가톨릭대학교,Mokpo Catholic University,본교,대학,대학교,사립,46,전라남도,"전라남도 목포시 영산로 697 (석현동, 목포가톨릭대학교)",,58607,,www.mcu.ac.kr,061-280-5102,061-280-5109,1999-12-17,2024,2025-01-08,B340014,한국대학교육협의회,전라남도 목포시 영산로 697,전라남도,목포시,목포시
배재대학교,Pai Chai University,본교,대학,대학교,사립,30,대전광역시,"대전광역시 서구 배재로 155-40 (도마동, 배재대학교)",,35345,,www.pcu.ac.kr,042-520-5114,042-533-7354,1980-12-29,2024,2025-01-08,B340014,한국대학교육협의회,대전광역시 서구 배재로 155-40,대전광역시,서구,대전광역시
부산가톨릭대학교,Catholic University Of Pusan,본교,대학,대학교,사립,26,부산광역시,"부산광역시 금정구 오륜대로 57 (부곡동, 부산가톨릭대학교)",,46252,,www.cup.ac.kr,051-515-5811,051-514-1576,1990-12-24,2024,2025-01-08,B340014,한국대학교육협의회,부산광역시 금정구 오륜대로 57,부산광역시,금정구,부산광역시
부산교육대학교,Busan National University Of Education,본교,대학,교육대학,국립,26,부산광역시,"부산광역시 연제구 교대로 24 (거제동, 부산교육대학교)",,47503,,www.bnue.ac.kr,051-500-7141,051-505-4908,1946-09-02,2024,2025-01-08,B340014,한국대학교육협의회,부산광역시 연제구 교대로 24,부산광역시,연제구,부산광역시
부산대학교,Pusan National University,본교,대학,대학교,국립,26,부산광역시,"부산광역시 금정구 부산대학로63번길 2 (장전동, 부산대학교)",,46241,,www.pusan.ac.kr,051-512-0311,051-512-3368,1946-05-15,2024,2025-01-08,B340014,한국대학교육협의회,부산광역시 금정구 부산대학로63번길 2,부산광역시,금정구,부산광역시
부산외국어대학교,Busan University Of Foreign Studies,본교,대학,대학교,사립,26,부산광역시,"부산광역시 금정구 금샘로485번길 65 (남산동, 부산외국어대학교)",,46234,,www.bufs.ac.kr,051-509-5000,051-509-5005,1982-03-12,2024,2025-01-08,B340014,한국대학교육협의회,부산광역시 금정구 금샘로485번길 65,부산광역시,금정구,부산광역시
부산장신대학교,Busan Presbyterian University,본교,대학,대학교,사립,48,경상남도,경상남도 김해시 김해대로 1894-68 (구산동),,50883,,www.bpu.ac.kr,055-320-2500,055-339-1161,2000-11-29,2024,2025-01-08,B340014,한국대학교육협의회,경상남도 김해시 김해대로 1894-68,경상남도,김해시,김해시
상명대학교,Sangmyung University,제2캠퍼,대학,대학교,사립,44,충청남도,"충청남도 천안시 동남구 상명대길 31 (안서동, 상명대학교천안캠퍼스)",,31066,,www.smuc.ac.kr,041-550-5114,041-550-5032,1984-10-06,2024,2025-01-08,B340014,한국대학교육협의회,충청남도 천안시 동남구 상명대길 31,충청남도,천안시,천안시
서남대학교,Seonam University,본교,대학,대학교,사립,52,전북특별자치도,"전북특별자치도 남원시 춘향로 439 (광치동, 서남대학교)",,55724,,www.seonam.ac.kr,063-620-0031,063-620-0113,1991-02-28,2024,2025-01-08,B340014,한국대학교육협의회,전북특별자치도 남원시 춘향로 439,전북특별자치도,남원시,남원시
서남대학교,Seonam University,제2캠퍼,대학,대학교,사립,44,충청남도,"충청남도 아산시 송악면 평촌길 7-111 (평촌리, 서남대학교)",,31556,,asan.seonam.ac.kr,063-620-0031,063-620-0113,2002-03-08,2024,2025-01-08,B340014,한국대학교육협의회,충청남도 아산시 송악면 평촌길 7-111,충청남도,아산시,아산시
서원대학교,Seowon University,본교,대학,대학교,사립,43,충청북도,"충청북도 청주시 서원구 무심서로 377-3 (모충동, 서원대학교)",,28674,,www.seowon.ac.kr,043-299-8114,043-283-8822,1968-03-09,2024,2025-01-08,B340014,한국대학교육협의회,충청북도 청주시 서원구 무심서로 377-3,충청북도,청주시,청주시
선문대학교,Sun Moon University,본교,대학,대학교,사립,44,충청남도,"충청남도 아산시 탕정면 선문로221번길 70 (갈산리, 선문대학교)",,31460,,www.sunmoon.ac.kr,041-530-2114,041-541-7424,1990-03-08,2024,2025-01-08,B340014,한국대학교육협의회,충청남도 아산시 탕정면 선문로221번길 70,충청남도,아산시,아산시
세명대학교,Semyung University,본교,대학,대학교,사립,43,충청북도,"충청북도 제천시 세명로 65 (신월동, 세명대학교)",,27136,,www.semyung.ac.kr,043-645-1125,043-644-2111,1990-11-28,2024,2025-01-08,B340014,한국대학교육협의회,충청북도 제천시 세명로 65,충청북도,제천시,제천시
세한대학교,Sehan University,본교,대학,대학교,사립,46,전라남도,"전라남도 영암군 삼호읍 녹색로 1113 (산호리, 세한대학교)",,58447,,www.sehan.ac.kr,061-469-1114,061-462-2510,1994-03-10,2024,2025-01-08,B340014,한국대학교육협의회,전라남도 영암군 삼호읍 녹색로 1113,전라남도,영암군,영암군
송원대학교,Songwon University,본교,대학,대학교,사립,29,광주광역시,"광주광역시 남구 송암로 73 (송하동, 송원대학)",,61756,,www.songwon.ac.kr,062-360-5700,062-360-5756,2012-03-01,2024,2025-01-08,B340014,한국대학교육협의회,광주광역시 남구 송암로 73,광주광역시,남구,광주광역시
순복음총회신학교,Korea Christian College,본교,대학,각종학교(대학),사립,43,충청북도,충청북도 제천시 덕산면 도전로 320 (도전리),,27223,,www.kcc.ac.kr,043-645-5571,043-642-4530,2010-03-08,2024,2025-01-08,B340014,한국대학교육협의회,충청북도 제천시 덕산면 도전로 320,충청북도,제천시,제천시
순천향대학교,Soonchunhyang University,본교,대학,대학교,사립,44,충청남도,"충청남도 아산시 신창면 순천향로 22 (읍내리, 순천향대학교)",,31538,,www.sch.ac.kr/,041-530-1114,041-542-4615,1978-03-01,2024,2025-01-08,B340014,한국대학교육협의회,충청남도 아산시 신창면 순천향로 22,충청남도,아산시,아산시
신경주대학교,SinGyeongju University,본교,대학,대학교,사립,47,경상북도,"경상북도 경주시 태종로 188 (효현동, 경주대학교)",,38065,,www.gju.ac.kr,054-770-5114,054-748-2784,1987-12-12,2024,2025-01-08,B340014,한국대학교육협의회,경상북도 경주시 태종로 188,경상북도,경주시,경주시
신라대학교,Silla University,본교,대학,대학교,사립,26,부산광역시,"부산광역시 사상구 백양대로700번길 140 (괘법동, 신라대학교)",,46958,,www.silla.ac.kr,051-999-5000,051-999-5800,1969-12-27,2024,2025-01-08,B340014,한국대학교육협의회,부산광역시 사상구 백양대로700번길 140,부산광역시,사상구,부산광역시
연세대학교(미래),Yonsei University MIRAE Campus,분교,대학,대학교,사립,51,강원특별자치도,강원특별자치도 원주시 흥업면 연세대길 1,,26493,,www.yonsei.ac.kr/wj,033-760-2114,033-762-4332,1977-12-28,2024,2025-01-08,B340014,한국대학교육협의회,강원특별자치도 원주시 흥업면 연세대길 1,강원특별자치도,원주시,원주시
영남대학교,Yeungnam University,본교,대학,대학교,사립,47,경상북도,"경상북도 경산시 대학로 280 (대동, 영남대학교)",,38541,,www.yu.ac.kr,053-810-2114,053-810-2016,1967-12-22,2024,2025-01-08,B340014,한국대학교육협의회,경상북도 경산시 대학로 280,경상북도,경산시,경산시
영남신학대학교,Youngnam Theological University & Seminary,본교,대학,대학교,사립,47,경상북도,"경상북도 경산시 진량읍 봉회1길 26 (봉회리, 영남신학대학교)",,38451,,www.ytus.ac.kr,053-850-0500,053-852-9815,1993-12-17,2024,2025-01-08,B340014,한국대학교육협의회,경상북도 경산시 진량읍 봉회1길 26,경상북도,경산시,경산시
영산대학교(양산),Youngsan University,제2캠퍼,대학,대학교,사립,48,경상남도,경상남도 양산시 주남로 288 (주남동),,50510,,www.ysu.ac.kr,055-380-9114,055-366-4374,,2024,2025-01-08,B340014,한국대학교육협의회,경상남도 양산시 주남로 288,경상남도,양산시,양산시
영산선학대학교,Youngsan University Of Seon Studies,본교,대학,대학교,사립,46,전라남도,전라남도 영광군 백수읍 성지로 1357 (길용리),,57026,,www.youngsan.ac.kr,061-350-6015,061-350-6040,1997-03-03,2024,2025-01-08,B340014,한국대학교육협의회,전라남도 영광군 백수읍 성지로 1357,전라남도,영광군,영광군
예원예술대학교,Yewon Arts University,본교,대학,대학교,사립,52,전북특별자치도,"전북특별자치도 임실군 신평면 창인로 117 (창인리, 예원예술학교)",,55913,,www.yewon.ac.kr,063-640-7114,063-640-7773,2000-03-02,2024,2025-01-08,B340014,한국대학교육협의회,전북특별자치도 임실군 신평면 창인로 117,전북특별자치도,임실군,임실군
우석대학교,Woosuk University,본교,대학,대학교,사립,52,전북특별자치도,"전북특별자치도 완주군 삼례읍 삼례로 443 (후정리, 우석대학교)",,55338,,www.woosuk.ac.kr,063-290-1114,063-290-1044,1979-05-10,2024,2025-01-08,B340014,한국대학교육협의회,전북특별자치도 완주군 삼례읍 삼례로 443,전북특별자치도,완주군,완주군
우송대학교,Woosong University,본교,대학,대학교,사립,30,대전광역시,"대전광역시 동구 동대전로 171 (자양동, 우송정보대학)",,34606,,www.wsu.ac.kr,042-630-9600,042-631-2346,1995-03-01,2024,2025-01-08,B340014,한국대학교육협의회,대전광역시 동구 동대전로 171,대전광역시,동구,대전광역시
울산과학기술원,Ulsan National Institute of Science and Technology,본교,대학,대학교,특별법법,31,울산광역시,"울산광역시 울주군 언양읍 유니스트길 50 (반연리, 울산과학기술원)",,44919,,www.unist.ac.kr,052-217-0114,052-217-1319,2009-03-02,2024,2025-01-08,B340014,한국대학교육협의회,울산광역시 울주군 언양읍 유니스트길 50,울산광역시,울주군,울산광역시
울산대학교,University Of Ulsan,본교,대학,대학교,사립,31,울산광역시,"울산광역시 남구 대학로 93 (무거동, 울산대학교)",,44610,,www.ulsan.ac.kr,052-277-3101,052-277-1534,1970-03-16,2024,2025-01-08,B340014,한국대학교육협의회,울산광역시 남구 대학로 93,울산광역시,남구,울산광역시
위덕대학교,Uiduk University,본교,대학,대학교,사립,47,경상북도,"경상북도 경주시 강동면 동해대로 261 (유금리, 위덕대학교)",,38004,,www.uu.ac.kr,054-760-1096,054-760-1059,1995-12-16,2024,2025-01-08,B340014,한국대학교육협의회,경상북도 경주시 강동면 동해대로 261,경상북도,경주시,경주시
유원대학교,U1 University,본교,대학,대학교,사립,43,충청북도,충청북도 영동군 영동읍 대학로 310,,29131,,www.U1.ac.kr,043-740-1114,043-740-1029,1993-12-17,2024,2025-01-08,B340014,한국대학교육협의회,충청북도 영동군 영동읍 대학로 310,충청북도,영동군,영동군
을지대학교,Eulji University,본교,대학,대학교,사립,30,대전광역시,"대전광역시 중구 계룡로771번길 77 (목동, 을지대학교대전캠퍼스)",,34824,,www.eulji.ac.kr,1899-0001,042-259-1539,1967-03-21,2024,2025-01-08,B340014,한국대학교육협의회,대전광역시 중구 계룡로771번길 77,대전광역시,중구,대전광역시
인제대학교,Inje University,본교,대학,대학교,사립,48,경상남도,"경상남도 김해시 인제로 197 (어방동, 인제대학교)",,50834,,www.inje.ac.kr,055-334-7111,055-334-0712,1979-01-12,2024,2025-01-08,B340014,한국대학교육협의회,경상남도 김해시 인제로 197,경상남도,김해시,김해시
인제대학교,Inje University,제2캠퍼,대학,대학교,사립,26,부산광역시,"부산광역시 부산진구 복지로 75 (개금동, 백병원)",,47392,,www.inje.ac.kr,051-894-3421,051-895-1864,1979-01-12,2024,2025-01-08,B340014,한국대학교육협의회,부산광역시 부산진구 복지로 75,부산광역시,부산진구,부산광역시
전남대학교,Chonnam National University,본교,대학,대학교,국립,29,광주광역시,"광주광역시 북구 용봉로 45 (용봉동, 전남대학교)",,61186,,www.chonnam.ac.kr,062-530-5114,062-530-1189,1951-10-06,2024,2025-01-08,B340014,한국대학교육협의회,광주광역시 북구 용봉로 45,광주광역시,북구,광주광역시
전남대학교,Chonnam National University,제2캠퍼,대학,대학교,국립,46,전라남도,"전라남도 여수시 대학로 50 (둔덕동, 전남대학교여수캠퍼스)",,59626,,www.chonnam.ac.kr,061-659-6114,061-659-7003,2006-03-01,2024,2025-01-08,B340014,한국대학교육협의회,전라남도 여수시 대학로 50,전라남도,여수시,여수시
전북대학교,Jeonbuk National University,본교,대학,대학교,국립,52,전북특별자치도,"전북특별자치도 전주시 덕진구 백제대로 567 (금암동, 전북대학교)",,54896,,www.jbnu.ac.kr,063-270-2114,063-276-0429,1951-10-06,2024,2025-01-08,B340014,한국대학교육협의회,전북특별자치도 전주시 덕진구 백제대로 567,전북특별자치도,전주시,전주시
전주교육대학교,Jeonju National University Of Education,본교,대학,교육대학,국립,52,전북특별자치도,전북특별자치도 전주시 완산구 서학로 50 (동서학동),,55101,,www.jnue.kr,063-281-7114,063-281-0102,1963-03-01,2024,2025-01-08,B340014,한국대학교육협의회,전북특별자치도 전주시 완산구 서학로 50,전북특별자치도,전주시,전주시
조선대학교,Chosun University,본교,대학,대학교,사립,29,광주광역시,광주광역시 동구 조선대길 146(서석동),,61452,,www.chosun.ac.kr,062-230-7114,062-232-8834,1946-09-29,2024,2025-01-08,B340014,한국대학교육협의회,광주광역시 동구 조선대길 146,광주광역시,동구,광주광역시
중부대학교,Joongbu University,본교,대학,대학교,사립,44,충청남도,"충청남도 금산군 추부면 대학로 201 (마전리, 중부대학교)",,32713,,www.joongbu.ac.kr,041-750-6500,041-750-6060,1993-03-01,2024,2025-01-08,B340014,한국대학교육협의회,충청남도 금산군 추부면 대학로 201,충청남도,금산군,금산군
중원대학교,Jungwon University,본교,대학,대학교,사립,43,충청북도,"충청북도 괴산군 괴산읍 문무로 85 (동부리, 중원대학교)",,28024,,www.jwu.ac.kr,043-830-8114,043-830-8115,2009-03-02,2024,2025-01-08,B340014,한국대학교육협의회,충청북도 괴산군 괴산읍 문무로 85,충청북도,괴산군,괴산군
진주교육대학교,Chinju National Uinversity Of Education,본교,대학,교육대학,국립,48,경상남도,"경상남도 진주시 진양호로369번길 3 (신안동, 진주교육대학교)",,52673,,www.cue.ac.kr,055-740-1114,055-745-8741,1963-01-01,2024,2025-01-08,B340014,한국대학교육협의회,경상남도 진주시 진양호로369번길 3,경상남도,진주시,진주시
청주교육대학교,Chongjunationaluniversityofeducation,본교,대학,교육대학,국립,43,충청북도,"충청북도 청주시 서원구 청남로 2065 (수곡동, 청주교육대학교)",,28690,,www.cje.ac.kr,043-299-0632,043-299-0797,1962-02-17,2024,2025-01-08,B340014,한국대학교육협의회,충청북도 청주시 서원구 청남로 2065,충청북도,청주시,청주시
청주대학교,Cheongju University,본교,대학,대학교,사립,43,충청북도,"충청북도 청주시 청원구 대성로 298 (내덕동, 청주대학교)",,28503,,www.cju.ac.kr,043-229-8114,043-229-8110,1947-06-06,2024,2025-01-08,B340014,한국대학교육협의회,충청북도 청주시 청원구 대성로 298,충청북도,청주시,청주시
초당대학교,Chodang University,본교,대학,대학교,사립,46,전라남도,"전라남도 무안군 무안읍 무안로 380 (성남리, 초당대학교)",,58530,,www.cdu.ac.kr,061-450-1036,061-450-1039,1994-03-07,2024,2025-01-08,B340014,한국대학교육협의회,전라남도 무안군 무안읍 무안로 380,전라남도,무안군,무안군
춘천교육대학교,Chuncheon National University Of Education,본교,대학,교육대학,국립,51,강원특별자치도,강원특별자치도 춘천시 공지로 126 (석사동),,24328,,www.cnue.ac.kr,033-260-6000,033-260-6162,1939-04-01,2024,2025-01-08,B340014,한국대학교육협의회,강원특별자치도 춘천시 공지로 126,강원특별자치도,춘천시,춘천시
충남대학교,Chungnam National University,본교,대학,대학교,국립,30,대전광역시,"대전광역시 유성구 대학로 99 (궁동, 충남대학교)",,34134,,www.cnu.ac.kr,042-821-5114,042-823-5875,1952-05-25,2024,2025-01-08,B340014,한국대학교육협의회,대전광역시 유성구 대학로 99,대전광역시,유성구,대전광역시
충북대학교,Chungbuk National University,본교,대학,대학교,국립,43,충청북도,"충청북도 청주시 서원구 충대로 1 (개신동, 충북대학교)",,28644,,www.chungbuk.ac.kr,043-261-2114,043-261-3333,1951-09-27,2024,2025-01-08,B340014,한국대학교육협의회,충청북도 청주시 서원구 충대로 1,충청북도,청주시,청주시
탐라대학교,Tamna University,본교,대학,대학교,사립,50,제주특별자치도,"제주특별자치도 서귀포시 1100로 506-1 (하원동, 탐라대학교)",,63553,,www.tnu.ac.kr,064-754-0215,064-702-8330,1997-12-05,2024,2025-01-08,B340014,한국대학교육협의회,제주특별자치도 서귀포시 1100로 506-1,제주특별자치도,서귀포시,서귀포시
포항공과대학교,Pohang University Of Science And Technology (Postech),본교,대학,대학교,사립,47,경상북도,"경상북도 포항시 남구 청암로 77 (지곡동, 포항공과대학교)",,37673,,www.postech.ac.kr,054-279-0114,054-279-2099,1986-12-03,2024,2025-01-08,B340014,한국대학교육협의회,경상북도 포항시 남구 청암로 77,경상북도,포항시,포항시
한국과학기술원,Korea Advanced Institute of Science and Technology(KAIST),본교,대학,대학교,특별법법,30,대전광역시,"대전광역시 유성구 대학로 291 (구성동, 한국과학기술원)",,34141,,www.kaist.ac.kr,042-350-2114,042-350-2210,1971-02-16,2024,2025-01-08,B340014,한국대학교육협의회,대전광역시 유성구 대학로 291,대전광역시,유성구,대전광역시
한국교원대학교,Korea National University Of Education,본교,대학,대학교,국립,43,충청북도,"충청북도 청주시 흥덕구 강내면 태성탑연로 250 (다락리, 한국교원대학교)",,28173,,www.knue.ac.kr,043-230-3114,043-233-2960,1984-03-15,2024,2025-01-08,B340014,한국대학교육협의회,충청북도 청주시 흥덕구 강내면 태성탑연로 250,충청북도,청주시,청주시
한국기술교육대학교,Korea University of Technology and Education,본교,대학,대학교,사립,44,충청남도,"충청남도 천안시 동남구 병천면 충절로 1600 (가전리, 한국기술교육대학교)",,31253,,www.koreatech.ac.kr,041-560-1114,041-561-9504,1991-11-02,2024,2025-01-08,B340014,한국대학교육협의회,충청남도 천안시 동남구 병천면 충절로 1600,충청남도,천안시,천안시
한국에너지공과대학교,Korea institute of Energy Technology,본교,대학,대학교,특별법법,46,전라남도,전라남도 나주시 켄텍길 21(빛가람동),,58330,,www.kentech.ac.kr/,061-320-9551,061-320-9709,,2024,2025-01-08,B340014,한국대학교육협의회,전라남도 나주시 켄텍길 21,전라남도,나주시,나주시
한국전통문화대학교,Korea National University Of Cultural Heritage,본교,대학,대학교,특별법국,44,충청남도,"충청남도 부여군 규암면 백제문로 367 (합정리, 한국전통문화대학교)",,33115,,www.knuh.ac.kr,041-830-7114,041-830-7020,2000-04-19,2024,2025-01-08,B340014,한국대학교육협의회,충청남도 부여군 규암면 백제문로 367,충청남도,부여군,부여군
한국침례신학대학교,Korea Baptist Theological University/Seminary,본교,대학,대학교,사립,30,대전광역시,"대전광역시 유성구 북유성대로 190 (하기동, 침례신학대학)",,34098,,www.kbtus.ac.kr,042-828-3114,042-825-1354,1973-12-22,2024,2025-01-08,B340014,한국대학교육협의회,대전광역시 유성구 북유성대로 190,대전광역시,유성구,대전광역시
한남대학교,Hannam University,본교,대학,대학교,사립,30,대전광역시,"대전광역시 대덕구 한남로 70 (오정동, 한남대학교)",,34430,,www.hannam.ac.kr,042-629-7114,042-629-5874,1956-03-13,2024,2025-01-08,B340014,한국대학교육협의회,대전광역시 대덕구 한남로 70,대전광역시,대덕구,대전광역시
한동대학교,Handong Global University,본교,대학,대학교,사립,47,경상북도,"경상북도 포항시 북구 흥해읍 한동로 558 (남송리, 한동대학교)",,37554,,www.handong.edu,054-260-1111,054-260-1149,1994-12-02,2024,2025-01-08,B340014,한국대학교육협의회,경상북도 포항시 북구 흥해읍 한동로 558,경상북도,포항시,포항시
한라대학교,Halla University,본교,대학,대학교,사립,51,강원특별자치도,강원특별자치도 원주시 흥업면 한라대길 28,,26404,,www.halla.ac.kr,033-760-1114,033-762-6705,1997-03-01,2024,2025-01-08,B340014,한국대학교육협의회,강원특별자치도 원주시 흥업면 한라대길 28,강원특별자치도,원주시,원주시
한림대학교,Hallym University,본교,대학,대학교,사립,51,강원특별자치도,강원특별자치도 춘천시 한림대학길 1 (옥천동),,24252,,www.hallym.ac.kr,033-248-1000,033-248-3333,1982-03-01,2024,2025-01-08,B340014,한국대학교육협의회,강원특별자치도 춘천시 한림대학길 1,강원특별자치도,춘천시,춘천시
한서대학교,Hanseo University,본교,대학,대학교,사립,44,충청남도,"충청남도 서산시 해미면 한서1로 46 (대곡리, 한서대학교)",,31962,,www.hanseo.ac.kr,041-660-1144,041-660-1149,1991-11-15,2024,2025-01-08,B340014,한국대학교육협의회,충청남도 서산시 해미면 한서1로 46,충청남도,서산시,서산시
한일장신대학교,Haniluniv.&Presb.Theol.Sem.,본교,대학,대학교,사립,52,전북특별자치도,"전북특별자치도 완주군 상관면 왜목로 726-15 (신리, 한일장신대학교)",,55359,,www.hanil.ac.kr,063-230-5408,063-230-5679,1995-03-01,2024,2025-01-08,B340014,한국대학교육협의회,전북특별자치도 완주군 상관면 왜목로 726-15,전북특별자치도,완주군,완주군
한중대학교,Hanzhong University,본교,대학,대학교,사립,51,강원특별자치도,"강원특별자치도 동해시 지양길 200 (지흥동, 한중대학교)",,25800,,www.HANZHONG.ac.kr,033-521-9900,033-521-9407,1991-11-30,2024,2025-01-08,B340014,한국대학교육협의회,강원특별자치도 동해시 지양길 200,강원특별자치도,동해시,동해시
호남대학교,Honam University,본교,대학,대학교,사립,29,광주광역시,"광주광역시 광산구 호남대길 120 (서봉동, 호남대학본부)",,62399,,www.honam.ac.kr,062-940-5000,062-940-5005,1981-07-31,2024,2025-01-08,B340014,한국대학교육협의회,광주광역시 광산구 호남대길 120,광주광역시,광산구,광주광역시
호남신학대학교,Honam Theological University & Seminary,본교,대학,대학교,사립,29,광주광역시,"광주광역시 남구 제중로 77 (양림동, 호남신학대학교)",,61642,,www.htus.ac.kr,062-650-1552,062-675-1552,1972-02-16,2024,2025-01-08,B340014,한국대학교육협의회,광주광역시 남구 제중로 77,광주광역시,남구,광주광역시
호서대학교,Hoseo University,본교,대학,대학교,사립,44,충청남도,"충청남도 아산시 배방읍 호서로79번길 20 (세출리, 호서대학교)",,31499,,www.hoseo.ac.kr,041-540-5114,041-540-5159,1980-12-29,2024,2025-01-08,B340014,한국대학교육협의회,충청남도 아산시 배방읍 호서로79번길 20,충청남도,아산시,아산시
호원대학교,Howon University,본교,대학,산업대학,사립,52,전북특별자치도,"전북특별자치도 군산시 임피면 호원대3길 64 (월하리, 호원대학교)",,54058,,www.howon.ac.kr,063-450-7114,063-450-7777,1978-03-02,2024,2025-01-08,B340014,한국대학교육협의회,전북특별자치도 군산시 임피면 호원대3길 64,전북특별자치도,군산시,군산시
홍익대학교,Hongik University,제2캠퍼,대학,대학교,사립,36,세종특별자치시,"세종특별자치시 조치원읍 세종로 2639 (신안리, 홍익대학교세종캠퍼스)",,30016,,www.hongik.ac.kr,044-860-2114,044-860-2238,1946-04-25,2024,2025-01-08,B340014,한국대학교육협의회,세종특별자치시 조치원읍 세종로 2639,세종특별자치시,,세종특별자치시
화신사이버대학교,Hwashin Cyber University,본교,대학,사이버대학(대학),사립,26,부산광역시,"부산광역시 연제구 고분로191번길 1 (연산동, 화신사이버대학교)",,47558,,www.hscu.ac.kr,1588-5215,051-999-0159,2009-03-01,2024,2025-01-08,B340014,한국대학교육협의회,부산광역시 연제구 고분로191번길 1,부산광역시,연제구,부산광역시
가톨릭상지대학교,Catholic Sangji College,본교,전문대학,전문대학,사립,47,경상북도,"경상북도 안동시 상지길 45 (율세동, 가톨릭상지대학교)",,36686,,www.csj.ac.kr,054-851-3000,054-851-3100,1970-03-10,2024,2025-01-08,B340014,한국대학교육협의회,경상북도 안동시 상지길 45,경상북도,안동시,안동시
강동대학교,Gangdong University,본교,전문대학,전문대학,사립,43,충청북도,"충청북도 음성군 감곡면 대학길 278 (단평리, 강동대학교)",,27600,,www.gangdong.ac.kr,043-879-3300,043-879-3311,1994-03-05,2024,2025-01-08,B340014,한국대학교육협의회,충청북도 음성군 감곡면 대학길 278,충청북도,음성군,음성군
강릉영동대학교,Gangneung Yeongdong University,본교,전문대학,전문대학,사립,51,강원특별자치도,강원특별자치도 강릉시 공제로 357 (홍제동),,25521,,www.gyu.ac.kr,033-610-0114,033-644-8809,1983-06-01,2024,2025-01-08,B340014,한국대학교육협의회,강원특별자치도 강릉시 공제로 357,강원특별자치도,강릉시,강릉시
강원관광대학교,Kangwon Tourism College,본교,전문대학,전문대학,사립,51,강원특별자치도,강원특별자치도 태백시 대학길 97 (황지동),,26034,,www.kt.ac.kr,033-550-6133,033-553-4074,1994-11-17,2024,2025-01-08,B340014,한국대학교육협의회,강원특별자치도 태백시 대학길 97,강원특별자치도,태백시,태백시
강원도립대학교,Gangwon State University,본교,전문대학,전문대학,공립,51,강원특별자치도,강원특별자치도 강릉시 주문진읍 연주로 270,,25425,,www.gw.ac.kr,033-660-8000,033-660-8035,1998-03-17,2024,2025-01-08,B340014,한국대학교육협의회,강원특별자치도 강릉시 주문진읍 연주로 270,강원특별자치도,강릉시,강릉시
거제대학교,Geoje University,본교,전문대학,전문대학,사립,48,경상남도,"경상남도 거제시 마전1길 91 (장승포동, 거제대학)",,53325,,www.koje.ac.kr,055-680-1504,055-680-1517,1989-12-01,2024,2025-01-08,B340014,한국대학교육협의회,경상남도 거제시 마전1길 91,경상남도,거제시,거제시
가야대학교(고령),Kaya University,제2캠퍼,대학,대학교,사립,47,경상북도,"경상북도 고령군 대가야읍 대가야로 1103 (지산리, 가야대학교)",,40139,,WWW.KAYA.AC.KR,055-330-1000,055-331-0983,1993-03-13,2024,2025-01-08,B340014,한국대학교육협의회,경상북도 고령군 대가야읍 대가야로 1103,경상북도,고령군,고령군
경동대학교,Kyungdong University,본교,대학,대학교,사립,51,강원특별자치도,강원특별자치도 고성군 토성면 봉포4길 46,,24764,,www.kduniv.ac.kr,033-631-2000,033-631-9542,1997-03-01,2024,2025-01-08,B340014,한국대학교육협의회,강원특별자치도 고성군 토성면 봉포4길 46,강원특별자치도,고성군,고성군
경동대학교,Kyungdong University,제3캠퍼,대학,대학교,사립,51,강원특별자치도,강원특별자치도 원주시 문막읍 견훤로 815,,26495,,www.kduniv.ac.kr,033-738-1200,033-738-1209,2013-03-01,2024,2025-01-08,B340014,한국대학교육협의회,강원특별자치도 원주시 문막읍 견훤로 815,강원특별자치도,원주시,원주시
한국전통문화대학교 미래문화유산대학원,The Graduate School of Cultural Heritage for the Future,본교,대학원,특수대학원,특별법국,44,충청남도,"세종특별자치시 다정중앙로 20(다정동, 가온마을7단지)",,30123,,www.knuh.ac.kr,041-830-7114,041-830-7020,2022-02-28,2024,2025-01-08,B340014,한국대학교육협의회,세종특별자치시 다정중앙로 20,세종특별자치시,,세종특별자치시
한국기술교육대학교 테크노인력개발전문대,Korea University of Technology and Education Graduate School of Techno Hrd,본교,대학원,전문대학원,사립,44,충청남도,"충청남도 천안시 서북구 과수원길 18 (부대동, 한국기술교육대학교두정IOC캠퍼스)",,31079,,www.koreatech.ac.kr/grd.do,041-560-1114,041-560-2575,2003-01-01,2024,2025-01-08,B340014,한국대학교육협의회,충청남도 천안시 서북구 과수원길 18,충청남도,천안시,천안시
충남대학교 보건대학원,Graduate School Of Public Health,본교,대학원,특수대학원,국립,30,대전광역시,대전광역시 중구 문화로 266(문화동),,35015,,gsph.cnu.ac.kr,042-580-8375,042-581-8374,1988-11-30,2024,2025-01-08,B340014,한국대학교육협의회,대전광역시 중구 문화로 266,대전광역시,중구,대전광역시
전북대학교 수의방역대학원,Jeonbuk national Graduate School of Veterinary Biosecurity and Protection,본교,대학원,특수대학원,국립,52,전북특별자치도,전북특별자치도 익산시 고봉로 79 (마동),,54596,,jbnu.ac.kr,063-850-0907,063-850-0910,2021-03-01,2024,2025-01-08,B340014,한국대학교육협의회,전북특별자치도 익산시 고봉로 79,전북특별자치도,익산시,익산시
울산과학기술원 기술경영전문대학원,Unist Graduate School Of Technology & Innovation Management,본교,대학원,전문대학원,특별법법,31,울산광역시,울산광역시 남구 테크노산업로55번길 10 (두왕동),,44776,,mot.unist.ac.kr,052-217-3709,052-217-1149,2016-03-01,2024,2025-01-08,B340014,한국대학교육협의회,울산광역시 남구 테크노산업로55번길 10,울산광역시,남구,울산광역시
서울대학교 국제농업기술대학원,Seoul National University Graduate School Of International Agricultural Technology,본교,대학원,전문대학원,국립대법,51,강원특별자치도,강원특별자치도 평창군 대화면 평창대로 1447-1,,25354,,greenbio.snu.ac.kr/,033-339-5680,033-339-5680,2014-06-25,2024,2025-01-08,B340014,한국대학교육협의회,강원특별자치도 평창군 대화면 평창대로 1447-1,강원특별자치도,평창군,평창군
부산대학교 융합의생명과학대학원,raduate School of Convergence in Biomedical Science and Technology,본교,대학원,특수대학원,국립,26,부산광역시,경상남도 양산시 물금읍 부산대학로 49,,50612,,biomedical.pusan.ac.kr,051-510-8394,051-510-8394,2024-09-01,2024,2025-01-08,B340014,한국대학교육협의회,경상남도 양산시 물금읍 부산대학로 49,경상남도,양산시,양산시
동아대학교 예술대학원,The Graduate School Of Art,본교,대학원,특수대학원,사립,26,부산광역시,"부산광역시 서구 대신공원로 32 (동대신동3가, 동아대학교구덕캠퍼스)",,49201,,gr-art.donga.ac.kr/,051-200-1792,051-200-1705,2001-07-26,2024,2025-01-08,B340014,한국대학교육협의회,부산광역시 서구 대신공원로 32,부산광역시,서구,부산광역시
동아대학교 경영대학원,Dong-A University Graduate School Of Business Administration,본교,대학원,특수대학원,사립,26,부산광역시,"부산광역시 서구 구덕로 225 (부민동2가, 동아대학교부민캠퍼스)",,49236,,mba.donga.ac.kr/,051-200-8412,051-200-8415,1969-02-04,2024,2025-01-08,B340014,한국대학교육협의회,부산광역시 서구 구덕로 225,부산광역시,서구,부산광역시
대전대학교 경영행정 사회복지 상담대학,Graduate School Of Business And Public Administration & Social Welfare & Counseling Daejeon University,본교,대학원,특수대학원,사립,30,대전광역시,대전광역시 서구 대덕대로176번길 59(둔산동),,35235,,www.dju.ac.kr/gdhl/main.do,042-280-4121,042-272-2382,2021-03-01,2024,2025-01-08,B340014,한국대학교육협의회,대전광역시 서구 대덕대로176번길 59,대전광역시,서구,대전광역시
대구가톨릭대학교 신학대학원,Graduate School Of Tehology Daegu Catholic University,본교,대학원,특수대학원,사립,27,대구광역시,"대구광역시 중구 명륜로12길 47 (남산동, 대구가톨릭대학교신학대학)",,41969,,spgr.cu.ac.kr/theology/,053-660-5111,053-660-5120,2003-10-30,2024,2025-01-08,B340014,한국대학교육협의회,대구광역시 중구 명륜로12길 47,대구광역시,중구,대구광역시
대구대학교 산업 행정대학원,Graduate School Of Industry & Public Administration,본교,대학원,특수대학원,사립,27,대구광역시,"대구광역시 남구 성당로50길 33 (대명동, 대구대학교)",,42400,,info.daegu.ac.kr/,053-850-5034,053-850-5039,2001-07-26,2024,2025-01-08,B340014,한국대학교육협의회,대구광역시 남구 성당로50길 33,대구광역시,남구,대구광역시
대구한의대학교 대학원,Graduate School of Daegu Haany University,본교,대학원,일반대학원,사립,47,경상북도,경상북도 경산시 한의대로 1(유곡동),,38609,,www.dhu.ac.kr/HOME/graduate/index.htm,053-819-1567,053-819-1268,1983-10-29,2024,2025-01-08,B340014,한국대학교육협의회,경상북도 경산시 한의대로 1,경상북도,경산시,경산시
